FirstDate,02-2015,1,2,2015,2015-02-27,2024-02-12
FirstDate,03-2015,0,3,2015,2015-02-27,2024-02-12
FirstDate,04-2015,0,4,2015,2015-02-27,2024-02-12
FirstDate,05-2015,0,5,2015,2015-02-27,2024-02-12
FirstDate,06-2015,1,6,2015,2015-02-27,2024-02-12
FirstDate,07-2015,0,7,2015,2015-02-27,2024-02-12
FirstDate,08-2015,0,8,2015,2015-02-27,2024-02-12
FirstDate,09-2015,0,9,2015,2015-02-27,2024-02-12
FirstDate,10-2015,1,10,2015,2015-02-27,2024-02-12
FirstDate,11-2015,2,11,2015,2015-02-27,2024-02-12
FirstDate,12-2015,2,12,2015,2015-02-27,2024-02-12
FirstDate,01-2016,2,1,2016,2015-02-27,2024-02-12
FirstDate,02-2016,9,2,2016,2015-02-27,2024-02-12
FirstDate,03-2016,6,3,2016,2015-02-27,2024-02-12
FirstDate,04-2016,5,4,2016,2015-02-27,2024-02-12
FirstDate,05-2016,2,5,2016,2015-02-27,2024-02-12
FirstDate,06-2016,2,6,2016,2015-02-27,2024-02-12
FirstDate,07-2016,4,7,2016,2015-02-27,2024-02-12
FirstDate,08-2016,5,8,2016,2015-02-27,2024-02-12
FirstDate,09-2016,12,9,2016,2015-02-27,2024-02-12
FirstDate,10-2016,2,10,2016,2015-02-27,2024-02-12
FirstDate,11-2016,1,11,2016,2015-02-27,2024-02-12
FirstDate,12-2016,3,12,2016,2015-02-27,2024-02-12
FirstDate,01-2017,3,1,2017,2015-02-27,2024-02-12
FirstDate,02-2017,2,2,2017,2015-02-27,2024-02-12
FirstDate,03-2017,13,3,2017,2015-02-27,2024-02-12
FirstDate,04-2017,2,4,2017,2015-02-27,2024-02-12
FirstDate,05-2017,5,5,2017,2015-02-27,2024-02-12
FirstDate,06-2017,9,6,2017,2015-02-27,2024-02-12
FirstDate,07-2017,7,7,2017,2015-02-27,2024-02-12
FirstDate,08-2017,5,8,2017,2015-02-27,2024-02-12
FirstDate,09-2017,5,9,2017,2015-02-27,2024-02-12
FirstDate,10-2017,3,10,2017,2015-02-27,2024-02-12
FirstDate,11-2017,4,11,2017,2015-02-27,2024-02-12
FirstDate,12-2017,11,12,2017,2015-02-27,2024-02-12
FirstDate,01-2018,12,1,2018,2015-02-27,2024-02-12
FirstDate,02-2018,4,2,2018,2015-02-27,2024-02-12
FirstDate,03-2018,5,3,2018,2015-02-27,2024-02-12
FirstDate,04-2018,8,4,2018,2015-02-27,2024-02-12
FirstDate,05-2018,4,5,2018,2015-02-27,2024-02-12
FirstDate,06-2018,5,6,2018,2015-02-27,2024-02-12
FirstDate,07-2018,8,7,2018,2015-02-27,2024-02-12
FirstDate,08-2018,12,8,2018,2015-02-27,2024-02-12
FirstDate,09-2018,11,9,2018,2015-02-27,2024-02-12
FirstDate,10-2018,11,10,2018,2015-02-27,2024-02-12
FirstDate,11-2018,16,11,2018,2015-02-27,2024-02-12
FirstDate,12-2018,2,12,2018,2015-02-27,2024-02-12
FirstDate,01-2019,11,1,2019,2015-02-27,2024-02-12
FirstDate,02-2019,5,2,2019,2015-02-27,2024-02-12
FirstDate,03-2019,8,3,2019,2015-02-27,2024-02-12
FirstDate,04-2019,10,4,2019,2015-02-27,2024-02-12
FirstDate,05-2019,16,5,2019,2015-02-27,2024-02-12
FirstDate,06-2019,8,6,2019,2015-02-27,2024-02-12
FirstDate,07-2019,7,7,2019,2015-02-27,2024-02-12
FirstDate,08-2019,14,8,2019,2015-02-27,2024-02-12
FirstDate,09-2019,6,9,2019,2015-02-27,2024-02-12
FirstDate,10-2019,5,10,2019,2015-02-27,2024-02-12
FirstDate,11-2019,9,11,2019,2015-02-27,2024-02-12
FirstDate,12-2019,10,12,2019,2015-02-27,2024-02-12
FirstDate,01-2020,9,1,2020,2015-02-27,2024-02-12
FirstDate,02-2020,12,2,2020,2015-02-27,2024-02-12
FirstDate,03-2020,10,3,2020,2015-02-27,2024-02-12
FirstDate,04-2020,2,4,2020,2015-02-27,2024-02-12
FirstDate,05-2020,2,5,2020,2015-02-27,2024-02-12
FirstDate,06-2020,8,6,2020,2015-02-27,2024-02-12
FirstDate,07-2020,2,7,2020,2015-02-27,2024-02-12
FirstDate,08-2020,1,8,2020,2015-02-27,2024-02-12
FirstDate,09-2020,7,9,2020,2015-02-27,2024-02-12
FirstDate,10-2020,3,10,2020,2015-02-27,2024-02-12
FirstDate,11-2020,10,11,2020,2015-02-27,2024-02-12
FirstDate,12-2020,8,12,2020,2015-02-27,2024-02-12
FirstDate,01-2021,3,1,2021,2015-02-27,2024-02-12
FirstDate,02-2021,7,2,2021,2015-02-27,2024-02-12
FirstDate,03-2021,15,3,2021,2015-02-27,2024-02-12
FirstDate,04-2021,3,4,2021,2015-02-27,2024-02-12
FirstDate,05-2021,6,5,2021,2015-02-27,2024-02-12
FirstDate,06-2021,15,6,2021,2015-02-27,2024-02-12
FirstDate,07-2021,20,7,2021,2015-02-27,2024-02-12
FirstDate,08-2021,5,8,2021,2015-02-27,2024-02-12
FirstDate,09-2021,14,9,2021,2015-02-27,2024-02-12
FirstDate,10-2021,19,10,2021,2015-02-27,2024-02-12
FirstDate,11-2021,36,11,2021,2015-02-27,2024-02-12
FirstDate,12-2021,25,12,2021,2015-02-27,2024-02-12
FirstDate,01-2022,34,1,2022,2015-02-27,2024-02-12
FirstDate,02-2022,31,2,2022,2015-02-27,2024-02-12
FirstDate,03-2022,115,3,2022,2015-02-27,2024-02-12
FirstDate,04-2022,91,4,2022,2015-02-27,2024-02-12
FirstDate,05-2022,93,5,2022,2015-02-27,2024-02-12
FirstDate,06-2022,168,6,2022,2015-02-27,2024-02-12
FirstDate,07-2022,142,7,2022,2015-02-27,2024-02-12
FirstDate,08-2022,189,8,2022,2015-02-27,2024-02-12
FirstDate,09-2022,382,9,2022,2015-02-27,2024-02-12
FirstDate,10-2022,701,10,2022,2015-02-27,2024-02-12
FirstDate,11-2022,1360,11,2022,2015-02-27,2024-02-12
FirstDate,12-2022,1135,12,2022,2015-02-27,2024-02-12
FirstDate,01-2023,1464,1,2023,2015-02-27,2024-02-12
FirstDate,02-2023,1346,2,2023,2015-02-27,2024-02-12
FirstDate,03-2023,1464,3,2023,2015-02-27,2024-02-12
FirstDate,04-2023,1219,4,2023,2015-02-27,2024-02-12
FirstDate,05-2023,1033,5,2023,2015-02-27,2024-02-12
FirstDate,06-2023,1072,6,2023,2015-02-27,2024-02-12
FirstDate,07-2023,874,7,2023,2015-02-27,2024-02-12
FirstDate,08-2023,786,8,2023,2015-02-27,2024-02-12
FirstDate,09-2023,964,9,2023,2015-02-27,2024-02-12
FirstDate,10-2023,906,10,2023,2015-02-27,2024-02-12
FirstDate,11-2023,811,11,2023,2015-02-27,2024-02-12
FirstDate,12-2023,781,12,2023,2015-02-27,2024-02-12
FirstDate,01-2024,1082,1,2024,2015-02-27,2024-02-12
LatestDate,02-2015,1,2,2015,2015-02-27,2024-02-12
LatestDate,03-2015,0,3,2015,2015-02-27,2024-02-12
LatestDate,04-2015,0,4,2015,2015-02-27,2024-02-12
LatestDate,05-2015,0,5,2015,2015-02-27,2024-02-12
LatestDate,06-2015,1,6,2015,2015-02-27,2024-02-12
LatestDate,07-2015,0,7,2015,2015-02-27,2024-02-12
LatestDate,08-2015,0,8,2015,2015-02-27,2024-02-12
LatestDate,09-2015,0,9,2015,2015-02-27,2024-02-12
LatestDate,10-2015,1,10,2015,2015-02-27,2024-02-12
LatestDate,11-2015,1,11,2015,2015-02-27,2024-02-12
LatestDate,12-2015,2,12,2015,2015-02-27,2024-02-12
LatestDate,01-2016,1,1,2016,2015-02-27,2024-02-12
LatestDate,02-2016,9,2,2016,2015-02-27,2024-02-12
LatestDate,03-2016,3,3,2016,2015-02-27,2024-02-12
LatestDate,04-2016,5,4,2016,2015-02-27,2024-02-12
LatestDate,05-2016,2,5,2016,2015-02-27,2024-02-12
LatestDate,06-2016,1,6,2016,2015-02-27,2024-02-12
LatestDate,07-2016,3,7,2016,2015-02-27,2024-02-12
LatestDate,08-2016,3,8,2016,2015-02-27,2024-02-12
LatestDate,09-2016,9,9,2016,2015-02-27,2024-02-12
LatestDate,10-2016,2,10,2016,2015-02-27,2024-02-12
LatestDate,11-2016,1,11,2016,2015-02-27,2024-02-12
LatestDate,12-2016,2,12,2016,2015-02-27,2024-02-12
LatestDate,01-2017,3,1,2017,2015-02-27,2024-02-12
LatestDate,02-2017,1,2,2017,2015-02-27,2024-02-12
LatestDate,03-2017,8,3,2017,2015-02-27,2024-02-12
LatestDate,04-2017,2,4,2017,2015-02-27,2024-02-12
LatestDate,05-2017,4,5,2017,2015-02-27,2024-02-12
LatestDate,06-2017,7,6,2017,2015-02-27,2024-02-12
LatestDate,07-2017,6,7,2017,2015-02-27,2024-02-12
LatestDate,08-2017,3,8,2017,2015-02-27,2024-02-12
LatestDate,09-2017,2,9,2017,2015-02-27,2024-02-12
LatestDate,10-2017,3,10,2017,2015-02-27,2024-02-12
LatestDate,11-2017,3,11,2017,2015-02-27,2024-02-12
LatestDate,12-2017,8,12,2017,2015-02-27,2024-02-12
LatestDate,01-2018,9,1,2018,2015-02-27,2024-02-12
LatestDate,02-2018,2,2,2018,2015-02-27,2024-02-12
LatestDate,03-2018,1,3,2018,2015-02-27,2024-02-12
LatestDate,04-2018,5,4,2018,2015-02-27,2024-02-12
LatestDate,05-2018,4,5,2018,2015-02-27,2024-02-12
LatestDate,06-2018,3,6,2018,2015-02-27,2024-02-12
LatestDate,07-2018,8,7,2018,2015-02-27,2024-02-12
LatestDate,08-2018,9,8,2018,2015-02-27,2024-02-12
LatestDate,09-2018,5,9,2018,2015-02-27,2024-02-12
LatestDate,10-2018,4,10,2018,2015-02-27,2024-02-12
LatestDate,11-2018,8,11,2018,2015-02-27,2024-02-12
LatestDate,12-2018,2,12,2018,2015-02-27,2024-02-12
LatestDate,01-2019,9,1,2019,2015-02-27,2024-02-12
LatestDate,02-2019,2,2,2019,2015-02-27,2024-02-12
LatestDate,03-2019,6,3,2019,2015-02-27,2024-02-12
LatestDate,04-2019,4,4,2019,2015-02-27,2024-02-12
LatestDate,05-2019,7,5,2019,2015-02-27,2024-02-12
LatestDate,06-2019,5,6,2019,2015-02-27,2024-02-12
LatestDate,07-2019,2,7,2019,2015-02-27,2024-02-12
LatestDate,08-2019,9,8,2019,2015-02-27,2024-02-12
LatestDate,09-2019,4,9,2019,2015-02-27,2024-02-12
LatestDate,10-2019,2,10,2019,2015-02-27,2024-02-12
LatestDate,11-2019,5,11,2019,2015-02-27,2024-02-12
LatestDate,12-2019,8,12,2019,2015-02-27,2024-02-12
LatestDate,01-2020,8,1,2020,2015-02-27,2024-02-12
LatestDate,02-2020,10,2,2020,2015-02-27,2024-02-12
LatestDate,03-2020,5,3,2020,2015-02-27,2024-02-12
LatestDate,04-2020,1,4,2020,2015-02-27,2024-02-12
LatestDate,05-2020,1,5,2020,2015-02-27,2024-02-12
LatestDate,06-2020,7,6,2020,2015-02-27,2024-02-12
LatestDate,07-2020,2,7,2020,2015-02-27,2024-02-12
LatestDate,08-2020,0,8,2020,2015-02-27,2024-02-12
LatestDate,09-2020,4,9,2020,2015-02-27,2024-02-12
LatestDate,10-2020,1,10,2020,2015-02-27,2024-02-12
LatestDate,11-2020,3,11,2020,2015-02-27,2024-02-12
LatestDate,12-2020,5,12,2020,2015-02-27,2024-02-12
LatestDate,01-2021,2,1,2021,2015-02-27,2024-02-12
LatestDate,02-2021,6,2,2021,2015-02-27,2024-02-12
LatestDate,03-2021,14,3,2021,2015-02-27,2024-02-12
LatestDate,04-2021,1,4,2021,2015-02-27,2024-02-12
LatestDate,05-2021,3,5,2021,2015-02-27,2024-02-12
LatestDate,06-2021,12,6,2021,2015-02-27,2024-02-12
LatestDate,07-2021,12,7,2021,2015-02-27,2024-02-12
LatestDate,08-2021,3,8,2021,2015-02-27,2024-02-12
LatestDate,09-2021,8,9,2021,2015-02-27,2024-02-12
LatestDate,10-2021,10,10,2021,2015-02-27,2024-02-12
LatestDate,11-2021,15,11,2021,2015-02-27,2024-02-12
LatestDate,12-2021,16,12,2021,2015-02-27,2024-02-12
LatestDate,01-2022,20,1,2022,2015-02-27,2024-02-12
LatestDate,02-2022,15,2,2022,2015-02-27,2024-02-12
LatestDate,03-2022,51,3,2022,2015-02-27,2024-02-12
LatestDate,04-2022,44,4,2022,2015-02-27,2024-02-12
LatestDate,05-2022,45,5,2022,2015-02-27,2024-02-12
LatestDate,06-2022,84,6,2022,2015-02-27,2024-02-12
LatestDate,07-2022,72,7,2022,2015-02-27,2024-02-12
LatestDate,08-2022,100,8,2022,2015-02-27,2024-02-12
LatestDate,09-2022,183,9,2022,2015-02-27,2024-02-12
LatestDate,10-2022,366,10,2022,2015-02-27,2024-02-12
LatestDate,11-2022,784,11,2022,2015-02-27,2024-02-12
LatestDate,12-2022,756,12,2022,2015-02-27,2024-02-12
LatestDate,01-2023,1076,1,2023,2015-02-27,2024-02-12
LatestDate,02-2023,1036,2,2023,2015-02-27,2024-02-12
LatestDate,03-2023,1246,3,2023,2015-02-27,2024-02-12
LatestDate,04-2023,1100,4,2023,2015-02-27,2024-02-12
LatestDate,05-2023,999,5,2023,2015-02-27,2024-02-12
LatestDate,06-2023,1120,6,2023,2015-02-27,2024-02-12
LatestDate,07-2023,1031,7,2023,2015-02-27,2024-02-12
LatestDate,08-2023,961,8,2023,2015-02-27,2024-02-12
LatestDate,09-2023,1256,9,2023,2015-02-27,2024-02-12
LatestDate,10-2023,1211,10,2023,2015-02-27,2024-02-12
LatestDate,11-2023,1249,11,2023,2015-02-27,2024-02-12
LatestDate,12-2023,1321,12,2023,2015-02-27,2024-02-12
LatestDate,01-2024,1964,1,2024,2015-02-27,2024-02-12
DateOfBirth,01-1900,5,1,1900,1900-01-01,2023-04-11
DateOfBirth,02-1900,0,2,1900,1900-01-01,2023-04-11
DateOfBirth,03-1900,0,3,1900,1900-01-01,2023-04-11
DateOfBirth,04-1900,0,4,1900,1900-01-01,2023-04-11
DateOfBirth,05-1900,0,5,1900,1900-01-01,2023-04-11
DateOfBirth,06-1900,0,6,1900,1900-01-01,2023-04-11
DateOfBirth,07-1900,0,7,1900,1900-01-01,2023-04-11
DateOfBirth,08-1900,0,8,1900,1900-01-01,2023-04-11
DateOfBirth,09-1900,0,9,1900,1900-01-01,2023-04-11
DateOfBirth,10-1900,0,10,1900,1900-01-01,2023-04-11
DateOfBirth,11-1900,0,11,1900,1900-01-01,2023-04-11
DateOfBirth,12-1900,0,12,1900,1900-01-01,2023-04-11
DateOfBirth,01-1901,0,1,1901,1900-01-01,2023-04-11
DateOfBirth,02-1901,0,2,1901,1900-01-01,2023-04-11
DateOfBirth,03-1901,0,3,1901,1900-01-01,2023-04-11
DateOfBirth,04-1901,0,4,1901,1900-01-01,2023-04-11
DateOfBirth,05-1901,0,5,1901,1900-01-01,2023-04-11
DateOfBirth,06-1901,0,6,1901,1900-01-01,2023-04-11
DateOfBirth,07-1901,0,7,1901,1900-01-01,2023-04-11
DateOfBirth,08-1901,0,8,1901,1900-01-01,2023-04-11
DateOfBirth,09-1901,0,9,1901,1900-01-01,2023-04-11
DateOfBirth,10-1901,0,10,1901,1900-01-01,2023-04-11
DateOfBirth,11-1901,0,11,1901,1900-01-01,2023-04-11
DateOfBirth,12-1901,0,12,1901,1900-01-01,2023-04-11
DateOfBirth,01-1902,0,1,1902,1900-01-01,2023-04-11
DateOfBirth,02-1902,0,2,1902,1900-01-01,2023-04-11
DateOfBirth,03-1902,0,3,1902,1900-01-01,2023-04-11
DateOfBirth,04-1902,0,4,1902,1900-01-01,2023-04-11
DateOfBirth,05-1902,0,5,1902,1900-01-01,2023-04-11
DateOfBirth,06-1902,0,6,1902,1900-01-01,2023-04-11
DateOfBirth,07-1902,0,7,1902,1900-01-01,2023-04-11
DateOfBirth,08-1902,0,8,1902,1900-01-01,2023-04-11
DateOfBirth,09-1902,0,9,1902,1900-01-01,2023-04-11
DateOfBirth,10-1902,0,10,1902,1900-01-01,2023-04-11
DateOfBirth,11-1902,0,11,1902,1900-01-01,2023-04-11
DateOfBirth,12-1902,0,12,1902,1900-01-01,2023-04-11
DateOfBirth,01-1903,0,1,1903,1900-01-01,2023-04-11
DateOfBirth,02-1903,0,2,1903,1900-01-01,2023-04-11
DateOfBirth,03-1903,0,3,1903,1900-01-01,2023-04-11
DateOfBirth,04-1903,0,4,1903,1900-01-01,2023-04-11
DateOfBirth,05-1903,0,5,1903,1900-01-01,2023-04-11
DateOfBirth,06-1903,0,6,1903,1900-01-01,2023-04-11
DateOfBirth,07-1903,0,7,1903,1900-01-01,2023-04-11
DateOfBirth,08-1903,0,8,1903,1900-01-01,2023-04-11
DateOfBirth,09-1903,0,9,1903,1900-01-01,2023-04-11
DateOfBirth,10-1903,0,10,1903,1900-01-01,2023-04-11
DateOfBirth,11-1903,0,11,1903,1900-01-01,2023-04-11
DateOfBirth,12-1903,0,12,1903,1900-01-01,2023-04-11
DateOfBirth,01-1904,1,1,1904,1900-01-01,2023-04-11
DateOfBirth,02-1904,0,2,1904,1900-01-01,2023-04-11
DateOfBirth,03-1904,0,3,1904,1900-01-01,2023-04-11
DateOfBirth,04-1904,0,4,1904,1900-01-01,2023-04-11
DateOfBirth,05-1904,0,5,1904,1900-01-01,2023-04-11
DateOfBirth,06-1904,0,6,1904,1900-01-01,2023-04-11
DateOfBirth,07-1904,0,7,1904,1900-01-01,2023-04-11
DateOfBirth,08-1904,0,8,1904,1900-01-01,2023-04-11
DateOfBirth,09-1904,0,9,1904,1900-01-01,2023-04-11
DateOfBirth,10-1904,0,10,1904,1900-01-01,2023-04-11
DateOfBirth,11-1904,0,11,1904,1900-01-01,2023-04-11
DateOfBirth,12-1904,0,12,1904,1900-01-01,2023-04-11
DateOfBirth,01-1905,0,1,1905,1900-01-01,2023-04-11
DateOfBirth,02-1905,0,2,1905,1900-01-01,2023-04-11
DateOfBirth,03-1905,0,3,1905,1900-01-01,2023-04-11
DateOfBirth,04-1905,0,4,1905,1900-01-01,2023-04-11
DateOfBirth,05-1905,0,5,1905,1900-01-01,2023-04-11
DateOfBirth,06-1905,0,6,1905,1900-01-01,2023-04-11
DateOfBirth,07-1905,0,7,1905,1900-01-01,2023-04-11
DateOfBirth,08-1905,0,8,1905,1900-01-01,2023-04-11
DateOfBirth,09-1905,0,9,1905,1900-01-01,2023-04-11
DateOfBirth,10-1905,0,10,1905,1900-01-01,2023-04-11
DateOfBirth,11-1905,0,11,1905,1900-01-01,2023-04-11
DateOfBirth,12-1905,0,12,1905,1900-01-01,2023-04-11
DateOfBirth,01-1906,0,1,1906,1900-01-01,2023-04-11
DateOfBirth,02-1906,0,2,1906,1900-01-01,2023-04-11
DateOfBirth,03-1906,0,3,1906,1900-01-01,2023-04-11
DateOfBirth,04-1906,0,4,1906,1900-01-01,2023-04-11
DateOfBirth,05-1906,0,5,1906,1900-01-01,2023-04-11
DateOfBirth,06-1906,0,6,1906,1900-01-01,2023-04-11
DateOfBirth,07-1906,0,7,1906,1900-01-01,2023-04-11
DateOfBirth,08-1906,0,8,1906,1900-01-01,2023-04-11
DateOfBirth,09-1906,0,9,1906,1900-01-01,2023-04-11
DateOfBirth,10-1906,0,10,1906,1900-01-01,2023-04-11
DateOfBirth,11-1906,0,11,1906,1900-01-01,2023-04-11
DateOfBirth,12-1906,0,12,1906,1900-01-01,2023-04-11
DateOfBirth,01-1907,0,1,1907,1900-01-01,2023-04-11
DateOfBirth,02-1907,0,2,1907,1900-01-01,2023-04-11
DateOfBirth,03-1907,0,3,1907,1900-01-01,2023-04-11
DateOfBirth,04-1907,0,4,1907,1900-01-01,2023-04-11
DateOfBirth,05-1907,0,5,1907,1900-01-01,2023-04-11
DateOfBirth,06-1907,0,6,1907,1900-01-01,2023-04-11
DateOfBirth,07-1907,0,7,1907,1900-01-01,2023-04-11
DateOfBirth,08-1907,0,8,1907,1900-01-01,2023-04-11
DateOfBirth,09-1907,0,9,1907,1900-01-01,2023-04-11
DateOfBirth,10-1907,0,10,1907,1900-01-01,2023-04-11
DateOfBirth,11-1907,0,11,1907,1900-01-01,2023-04-11
DateOfBirth,12-1907,0,12,1907,1900-01-01,2023-04-11
DateOfBirth,01-1908,0,1,1908,1900-01-01,2023-04-11
DateOfBirth,02-1908,0,2,1908,1900-01-01,2023-04-11
DateOfBirth,03-1908,0,3,1908,1900-01-01,2023-04-11
DateOfBirth,04-1908,0,4,1908,1900-01-01,2023-04-11
DateOfBirth,05-1908,0,5,1908,1900-01-01,2023-04-11
DateOfBirth,06-1908,0,6,1908,1900-01-01,2023-04-11
DateOfBirth,07-1908,0,7,1908,1900-01-01,2023-04-11
DateOfBirth,08-1908,0,8,1908,1900-01-01,2023-04-11
DateOfBirth,09-1908,0,9,1908,1900-01-01,2023-04-11
DateOfBirth,10-1908,0,10,1908,1900-01-01,2023-04-11
DateOfBirth,11-1908,0,11,1908,1900-01-01,2023-04-11
DateOfBirth,12-1908,0,12,1908,1900-01-01,2023-04-11
DateOfBirth,01-1909,0,1,1909,1900-01-01,2023-04-11
DateOfBirth,02-1909,0,2,1909,1900-01-01,2023-04-11
DateOfBirth,03-1909,0,3,1909,1900-01-01,2023-04-11
DateOfBirth,04-1909,0,4,1909,1900-01-01,2023-04-11
DateOfBirth,05-1909,0,5,1909,1900-01-01,2023-04-11
DateOfBirth,06-1909,0,6,1909,1900-01-01,2023-04-11
DateOfBirth,07-1909,0,7,1909,1900-01-01,2023-04-11
DateOfBirth,08-1909,0,8,1909,1900-01-01,2023-04-11
DateOfBirth,09-1909,0,9,1909,1900-01-01,2023-04-11
DateOfBirth,10-1909,0,10,1909,1900-01-01,2023-04-11
DateOfBirth,11-1909,0,11,1909,1900-01-01,2023-04-11
DateOfBirth,12-1909,0,12,1909,1900-01-01,2023-04-11
DateOfBirth,01-1910,0,1,1910,1900-01-01,2023-04-11
DateOfBirth,02-1910,0,2,1910,1900-01-01,2023-04-11
DateOfBirth,03-1910,0,3,1910,1900-01-01,2023-04-11
DateOfBirth,04-1910,0,4,1910,1900-01-01,2023-04-11
DateOfBirth,05-1910,0,5,1910,1900-01-01,2023-04-11
DateOfBirth,06-1910,0,6,1910,1900-01-01,2023-04-11
DateOfBirth,07-1910,0,7,1910,1900-01-01,2023-04-11
DateOfBirth,08-1910,0,8,1910,1900-01-01,2023-04-11
DateOfBirth,09-1910,0,9,1910,1900-01-01,2023-04-11
DateOfBirth,10-1910,0,10,1910,1900-01-01,2023-04-11
DateOfBirth,11-1910,0,11,1910,1900-01-01,2023-04-11
DateOfBirth,12-1910,0,12,1910,1900-01-01,2023-04-11
DateOfBirth,01-1911,0,1,1911,1900-01-01,2023-04-11
DateOfBirth,02-1911,0,2,1911,1900-01-01,2023-04-11
DateOfBirth,03-1911,0,3,1911,1900-01-01,2023-04-11
DateOfBirth,04-1911,0,4,1911,1900-01-01,2023-04-11
DateOfBirth,05-1911,0,5,1911,1900-01-01,2023-04-11
DateOfBirth,06-1911,0,6,1911,1900-01-01,2023-04-11
DateOfBirth,07-1911,0,7,1911,1900-01-01,2023-04-11
DateOfBirth,08-1911,0,8,1911,1900-01-01,2023-04-11
DateOfBirth,09-1911,0,9,1911,1900-01-01,2023-04-11
DateOfBirth,10-1911,0,10,1911,1900-01-01,2023-04-11
DateOfBirth,11-1911,0,11,1911,1900-01-01,2023-04-11
DateOfBirth,12-1911,0,12,1911,1900-01-01,2023-04-11
DateOfBirth,01-1912,0,1,1912,1900-01-01,2023-04-11
DateOfBirth,02-1912,0,2,1912,1900-01-01,2023-04-11
DateOfBirth,03-1912,0,3,1912,1900-01-01,2023-04-11
DateOfBirth,04-1912,0,4,1912,1900-01-01,2023-04-11
DateOfBirth,05-1912,0,5,1912,1900-01-01,2023-04-11
DateOfBirth,06-1912,0,6,1912,1900-01-01,2023-04-11
DateOfBirth,07-1912,0,7,1912,1900-01-01,2023-04-11
DateOfBirth,08-1912,0,8,1912,1900-01-01,2023-04-11
DateOfBirth,09-1912,0,9,1912,1900-01-01,2023-04-11
DateOfBirth,10-1912,0,10,1912,1900-01-01,2023-04-11
DateOfBirth,11-1912,0,11,1912,1900-01-01,2023-04-11
DateOfBirth,12-1912,0,12,1912,1900-01-01,2023-04-11
DateOfBirth,01-1913,0,1,1913,1900-01-01,2023-04-11
DateOfBirth,02-1913,0,2,1913,1900-01-01,2023-04-11
DateOfBirth,03-1913,0,3,1913,1900-01-01,2023-04-11
DateOfBirth,04-1913,0,4,1913,1900-01-01,2023-04-11
DateOfBirth,05-1913,0,5,1913,1900-01-01,2023-04-11
DateOfBirth,06-1913,0,6,1913,1900-01-01,2023-04-11
DateOfBirth,07-1913,0,7,1913,1900-01-01,2023-04-11
DateOfBirth,08-1913,0,8,1913,1900-01-01,2023-04-11
DateOfBirth,09-1913,0,9,1913,1900-01-01,2023-04-11
DateOfBirth,10-1913,0,10,1913,1900-01-01,2023-04-11
DateOfBirth,11-1913,0,11,1913,1900-01-01,2023-04-11
DateOfBirth,12-1913,0,12,1913,1900-01-01,2023-04-11
DateOfBirth,01-1914,0,1,1914,1900-01-01,2023-04-11
DateOfBirth,02-1914,0,2,1914,1900-01-01,2023-04-11
DateOfBirth,03-1914,0,3,1914,1900-01-01,2023-04-11
DateOfBirth,04-1914,0,4,1914,1900-01-01,2023-04-11
DateOfBirth,05-1914,0,5,1914,1900-01-01,2023-04-11
DateOfBirth,06-1914,0,6,1914,1900-01-01,2023-04-11
DateOfBirth,07-1914,0,7,1914,1900-01-01,2023-04-11
DateOfBirth,08-1914,0,8,1914,1900-01-01,2023-04-11
DateOfBirth,09-1914,0,9,1914,1900-01-01,2023-04-11
DateOfBirth,10-1914,0,10,1914,1900-01-01,2023-04-11
DateOfBirth,11-1914,0,11,1914,1900-01-01,2023-04-11
DateOfBirth,12-1914,0,12,1914,1900-01-01,2023-04-11
DateOfBirth,01-1915,0,1,1915,1900-01-01,2023-04-11
DateOfBirth,02-1915,0,2,1915,1900-01-01,2023-04-11
DateOfBirth,03-1915,0,3,1915,1900-01-01,2023-04-11
DateOfBirth,04-1915,0,4,1915,1900-01-01,2023-04-11
DateOfBirth,05-1915,0,5,1915,1900-01-01,2023-04-11
DateOfBirth,06-1915,0,6,1915,1900-01-01,2023-04-11
DateOfBirth,07-1915,0,7,1915,1900-01-01,2023-04-11
DateOfBirth,08-1915,0,8,1915,1900-01-01,2023-04-11
DateOfBirth,09-1915,0,9,1915,1900-01-01,2023-04-11
DateOfBirth,10-1915,0,10,1915,1900-01-01,2023-04-11
DateOfBirth,11-1915,0,11,1915,1900-01-01,2023-04-11
DateOfBirth,12-1915,0,12,1915,1900-01-01,2023-04-11
DateOfBirth,01-1916,0,1,1916,1900-01-01,2023-04-11
DateOfBirth,02-1916,0,2,1916,1900-01-01,2023-04-11
DateOfBirth,03-1916,0,3,1916,1900-01-01,2023-04-11
DateOfBirth,04-1916,0,4,1916,1900-01-01,2023-04-11
DateOfBirth,05-1916,0,5,1916,1900-01-01,2023-04-11
DateOfBirth,06-1916,0,6,1916,1900-01-01,2023-04-11
DateOfBirth,07-1916,0,7,1916,1900-01-01,2023-04-11
DateOfBirth,08-1916,0,8,1916,1900-01-01,2023-04-11
DateOfBirth,09-1916,0,9,1916,1900-01-01,2023-04-11
DateOfBirth,10-1916,0,10,1916,1900-01-01,2023-04-11
DateOfBirth,11-1916,0,11,1916,1900-01-01,2023-04-11
DateOfBirth,12-1916,0,12,1916,1900-01-01,2023-04-11
DateOfBirth,01-1917,0,1,1917,1900-01-01,2023-04-11
DateOfBirth,02-1917,0,2,1917,1900-01-01,2023-04-11
DateOfBirth,03-1917,0,3,1917,1900-01-01,2023-04-11
DateOfBirth,04-1917,0,4,1917,1900-01-01,2023-04-11
DateOfBirth,05-1917,0,5,1917,1900-01-01,2023-04-11
DateOfBirth,06-1917,0,6,1917,1900-01-01,2023-04-11
DateOfBirth,07-1917,0,7,1917,1900-01-01,2023-04-11
DateOfBirth,08-1917,0,8,1917,1900-01-01,2023-04-11
DateOfBirth,09-1917,0,9,1917,1900-01-01,2023-04-11
DateOfBirth,10-1917,0,10,1917,1900-01-01,2023-04-11
DateOfBirth,11-1917,0,11,1917,1900-01-01,2023-04-11
DateOfBirth,12-1917,0,12,1917,1900-01-01,2023-04-11
DateOfBirth,01-1918,0,1,1918,1900-01-01,2023-04-11
DateOfBirth,02-1918,0,2,1918,1900-01-01,2023-04-11
DateOfBirth,03-1918,0,3,1918,1900-01-01,2023-04-11
DateOfBirth,04-1918,0,4,1918,1900-01-01,2023-04-11
DateOfBirth,05-1918,0,5,1918,1900-01-01,2023-04-11
DateOfBirth,06-1918,0,6,1918,1900-01-01,2023-04-11
DateOfBirth,07-1918,0,7,1918,1900-01-01,2023-04-11
DateOfBirth,08-1918,0,8,1918,1900-01-01,2023-04-11
DateOfBirth,09-1918,0,9,1918,1900-01-01,2023-04-11
DateOfBirth,10-1918,0,10,1918,1900-01-01,2023-04-11
DateOfBirth,11-1918,0,11,1918,1900-01-01,2023-04-11
DateOfBirth,12-1918,0,12,1918,1900-01-01,2023-04-11
DateOfBirth,01-1919,0,1,1919,1900-01-01,2023-04-11
DateOfBirth,02-1919,0,2,1919,1900-01-01,2023-04-11
DateOfBirth,03-1919,0,3,1919,1900-01-01,2023-04-11
DateOfBirth,04-1919,0,4,1919,1900-01-01,2023-04-11
DateOfBirth,05-1919,0,5,1919,1900-01-01,2023-04-11
DateOfBirth,06-1919,0,6,1919,1900-01-01,2023-04-11
DateOfBirth,07-1919,0,7,1919,1900-01-01,2023-04-11
DateOfBirth,08-1919,0,8,1919,1900-01-01,2023-04-11
DateOfBirth,09-1919,0,9,1919,1900-01-01,2023-04-11
DateOfBirth,10-1919,0,10,1919,1900-01-01,2023-04-11
DateOfBirth,11-1919,0,11,1919,1900-01-01,2023-04-11
DateOfBirth,12-1919,0,12,1919,1900-01-01,2023-04-11
DateOfBirth,01-1920,0,1,1920,1900-01-01,2023-04-11
DateOfBirth,02-1920,0,2,1920,1900-01-01,2023-04-11
DateOfBirth,03-1920,0,3,1920,1900-01-01,2023-04-11
DateOfBirth,04-1920,0,4,1920,1900-01-01,2023-04-11
DateOfBirth,05-1920,0,5,1920,1900-01-01,2023-04-11
DateOfBirth,06-1920,0,6,1920,1900-01-01,2023-04-11
DateOfBirth,07-1920,0,7,1920,1900-01-01,2023-04-11
DateOfBirth,08-1920,0,8,1920,1900-01-01,2023-04-11
DateOfBirth,09-1920,0,9,1920,1900-01-01,2023-04-11
DateOfBirth,10-1920,0,10,1920,1900-01-01,2023-04-11
DateOfBirth,11-1920,0,11,1920,1900-01-01,2023-04-11
DateOfBirth,12-1920,0,12,1920,1900-01-01,2023-04-11
DateOfBirth,01-1921,0,1,1921,1900-01-01,2023-04-11
DateOfBirth,02-1921,0,2,1921,1900-01-01,2023-04-11
DateOfBirth,03-1921,0,3,1921,1900-01-01,2023-04-11
DateOfBirth,04-1921,0,4,1921,1900-01-01,2023-04-11
DateOfBirth,05-1921,0,5,1921,1900-01-01,2023-04-11
DateOfBirth,06-1921,0,6,1921,1900-01-01,2023-04-11
DateOfBirth,07-1921,0,7,1921,1900-01-01,2023-04-11
DateOfBirth,08-1921,0,8,1921,1900-01-01,2023-04-11
DateOfBirth,09-1921,0,9,1921,1900-01-01,2023-04-11
DateOfBirth,10-1921,0,10,1921,1900-01-01,2023-04-11
DateOfBirth,11-1921,0,11,1921,1900-01-01,2023-04-11
DateOfBirth,12-1921,0,12,1921,1900-01-01,2023-04-11
DateOfBirth,01-1922,0,1,1922,1900-01-01,2023-04-11
DateOfBirth,02-1922,0,2,1922,1900-01-01,2023-04-11
DateOfBirth,03-1922,0,3,1922,1900-01-01,2023-04-11
DateOfBirth,04-1922,0,4,1922,1900-01-01,2023-04-11
DateOfBirth,05-1922,0,5,1922,1900-01-01,2023-04-11
DateOfBirth,06-1922,0,6,1922,1900-01-01,2023-04-11
DateOfBirth,07-1922,0,7,1922,1900-01-01,2023-04-11
DateOfBirth,08-1922,0,8,1922,1900-01-01,2023-04-11
DateOfBirth,09-1922,0,9,1922,1900-01-01,2023-04-11
DateOfBirth,10-1922,0,10,1922,1900-01-01,2023-04-11
DateOfBirth,11-1922,0,11,1922,1900-01-01,2023-04-11
DateOfBirth,12-1922,0,12,1922,1900-01-01,2023-04-11
DateOfBirth,01-1923,0,1,1923,1900-01-01,2023-04-11
DateOfBirth,02-1923,0,2,1923,1900-01-01,2023-04-11
DateOfBirth,03-1923,0,3,1923,1900-01-01,2023-04-11
DateOfBirth,04-1923,0,4,1923,1900-01-01,2023-04-11
DateOfBirth,05-1923,0,5,1923,1900-01-01,2023-04-11
DateOfBirth,06-1923,0,6,1923,1900-01-01,2023-04-11
DateOfBirth,07-1923,0,7,1923,1900-01-01,2023-04-11
DateOfBirth,08-1923,0,8,1923,1900-01-01,2023-04-11
DateOfBirth,09-1923,0,9,1923,1900-01-01,2023-04-11
DateOfBirth,10-1923,0,10,1923,1900-01-01,2023-04-11
DateOfBirth,11-1923,0,11,1923,1900-01-01,2023-04-11
DateOfBirth,12-1923,0,12,1923,1900-01-01,2023-04-11
DateOfBirth,01-1924,0,1,1924,1900-01-01,2023-04-11
DateOfBirth,02-1924,0,2,1924,1900-01-01,2023-04-11
DateOfBirth,03-1924,0,3,1924,1900-01-01,2023-04-11
DateOfBirth,04-1924,0,4,1924,1900-01-01,2023-04-11
DateOfBirth,05-1924,0,5,1924,1900-01-01,2023-04-11
DateOfBirth,06-1924,0,6,1924,1900-01-01,2023-04-11
DateOfBirth,07-1924,0,7,1924,1900-01-01,2023-04-11
DateOfBirth,08-1924,0,8,1924,1900-01-01,2023-04-11
DateOfBirth,09-1924,0,9,1924,1900-01-01,2023-04-11
DateOfBirth,10-1924,0,10,1924,1900-01-01,2023-04-11
DateOfBirth,11-1924,0,11,1924,1900-01-01,2023-04-11
DateOfBirth,12-1924,0,12,1924,1900-01-01,2023-04-11
DateOfBirth,01-1925,0,1,1925,1900-01-01,2023-04-11
DateOfBirth,02-1925,0,2,1925,1900-01-01,2023-04-11
DateOfBirth,03-1925,0,3,1925,1900-01-01,2023-04-11
DateOfBirth,04-1925,0,4,1925,1900-01-01,2023-04-11
DateOfBirth,05-1925,0,5,1925,1900-01-01,2023-04-11
DateOfBirth,06-1925,0,6,1925,1900-01-01,2023-04-11
DateOfBirth,07-1925,0,7,1925,1900-01-01,2023-04-11
DateOfBirth,08-1925,0,8,1925,1900-01-01,2023-04-11
DateOfBirth,09-1925,0,9,1925,1900-01-01,2023-04-11
DateOfBirth,10-1925,0,10,1925,1900-01-01,2023-04-11
DateOfBirth,11-1925,0,11,1925,1900-01-01,2023-04-11
DateOfBirth,12-1925,0,12,1925,1900-01-01,2023-04-11
DateOfBirth,01-1926,0,1,1926,1900-01-01,2023-04-11
DateOfBirth,02-1926,0,2,1926,1900-01-01,2023-04-11
DateOfBirth,03-1926,0,3,1926,1900-01-01,2023-04-11
DateOfBirth,04-1926,0,4,1926,1900-01-01,2023-04-11
DateOfBirth,05-1926,0,5,1926,1900-01-01,2023-04-11
DateOfBirth,06-1926,0,6,1926,1900-01-01,2023-04-11
DateOfBirth,07-1926,0,7,1926,1900-01-01,2023-04-11
DateOfBirth,08-1926,0,8,1926,1900-01-01,2023-04-11
DateOfBirth,09-1926,0,9,1926,1900-01-01,2023-04-11
DateOfBirth,10-1926,0,10,1926,1900-01-01,2023-04-11
DateOfBirth,11-1926,0,11,1926,1900-01-01,2023-04-11
DateOfBirth,12-1926,0,12,1926,1900-01-01,2023-04-11
DateOfBirth,01-1927,0,1,1927,1900-01-01,2023-04-11
DateOfBirth,02-1927,0,2,1927,1900-01-01,2023-04-11
DateOfBirth,03-1927,0,3,1927,1900-01-01,2023-04-11
DateOfBirth,04-1927,0,4,1927,1900-01-01,2023-04-11
DateOfBirth,05-1927,0,5,1927,1900-01-01,2023-04-11
DateOfBirth,06-1927,0,6,1927,1900-01-01,2023-04-11
DateOfBirth,07-1927,0,7,1927,1900-01-01,2023-04-11
DateOfBirth,08-1927,0,8,1927,1900-01-01,2023-04-11
DateOfBirth,09-1927,0,9,1927,1900-01-01,2023-04-11
DateOfBirth,10-1927,0,10,1927,1900-01-01,2023-04-11
DateOfBirth,11-1927,0,11,1927,1900-01-01,2023-04-11
DateOfBirth,12-1927,0,12,1927,1900-01-01,2023-04-11
DateOfBirth,01-1928,0,1,1928,1900-01-01,2023-04-11
DateOfBirth,02-1928,0,2,1928,1900-01-01,2023-04-11
DateOfBirth,03-1928,0,3,1928,1900-01-01,2023-04-11
DateOfBirth,04-1928,0,4,1928,1900-01-01,2023-04-11
DateOfBirth,05-1928,0,5,1928,1900-01-01,2023-04-11
DateOfBirth,06-1928,0,6,1928,1900-01-01,2023-04-11
DateOfBirth,07-1928,0,7,1928,1900-01-01,2023-04-11
DateOfBirth,08-1928,0,8,1928,1900-01-01,2023-04-11
DateOfBirth,09-1928,0,9,1928,1900-01-01,2023-04-11
DateOfBirth,10-1928,0,10,1928,1900-01-01,2023-04-11
DateOfBirth,11-1928,0,11,1928,1900-01-01,2023-04-11
DateOfBirth,12-1928,0,12,1928,1900-01-01,2023-04-11
DateOfBirth,01-1929,0,1,1929,1900-01-01,2023-04-11
DateOfBirth,02-1929,1,2,1929,1900-01-01,2023-04-11
DateOfBirth,03-1929,0,3,1929,1900-01-01,2023-04-11
DateOfBirth,04-1929,0,4,1929,1900-01-01,2023-04-11
DateOfBirth,05-1929,0,5,1929,1900-01-01,2023-04-11
DateOfBirth,06-1929,0,6,1929,1900-01-01,2023-04-11
DateOfBirth,07-1929,0,7,1929,1900-01-01,2023-04-11
DateOfBirth,08-1929,0,8,1929,1900-01-01,2023-04-11
DateOfBirth,09-1929,0,9,1929,1900-01-01,2023-04-11
DateOfBirth,10-1929,0,10,1929,1900-01-01,2023-04-11
DateOfBirth,11-1929,0,11,1929,1900-01-01,2023-04-11
DateOfBirth,12-1929,0,12,1929,1900-01-01,2023-04-11
DateOfBirth,01-1930,0,1,1930,1900-01-01,2023-04-11
DateOfBirth,02-1930,1,2,1930,1900-01-01,2023-04-11
DateOfBirth,03-1930,0,3,1930,1900-01-01,2023-04-11
DateOfBirth,04-1930,1,4,1930,1900-01-01,2023-04-11
DateOfBirth,05-1930,0,5,1930,1900-01-01,2023-04-11
DateOfBirth,06-1930,0,6,1930,1900-01-01,2023-04-11
DateOfBirth,07-1930,0,7,1930,1900-01-01,2023-04-11
DateOfBirth,08-1930,0,8,1930,1900-01-01,2023-04-11
DateOfBirth,09-1930,0,9,1930,1900-01-01,2023-04-11
DateOfBirth,10-1930,0,10,1930,1900-01-01,2023-04-11
DateOfBirth,11-1930,0,11,1930,1900-01-01,2023-04-11
DateOfBirth,12-1930,0,12,1930,1900-01-01,2023-04-11
DateOfBirth,01-1931,0,1,1931,1900-01-01,2023-04-11
DateOfBirth,02-1931,0,2,1931,1900-01-01,2023-04-11
DateOfBirth,03-1931,0,3,1931,1900-01-01,2023-04-11
DateOfBirth,04-1931,0,4,1931,1900-01-01,2023-04-11
DateOfBirth,05-1931,0,5,1931,1900-01-01,2023-04-11
DateOfBirth,06-1931,0,6,1931,1900-01-01,2023-04-11
DateOfBirth,07-1931,0,7,1931,1900-01-01,2023-04-11
DateOfBirth,08-1931,0,8,1931,1900-01-01,2023-04-11
DateOfBirth,09-1931,1,9,1931,1900-01-01,2023-04-11
DateOfBirth,10-1931,0,10,1931,1900-01-01,2023-04-11
DateOfBirth,11-1931,1,11,1931,1900-01-01,2023-04-11
DateOfBirth,12-1931,0,12,1931,1900-01-01,2023-04-11
DateOfBirth,01-1932,0,1,1932,1900-01-01,2023-04-11
DateOfBirth,02-1932,0,2,1932,1900-01-01,2023-04-11
DateOfBirth,03-1932,0,3,1932,1900-01-01,2023-04-11
DateOfBirth,04-1932,0,4,1932,1900-01-01,2023-04-11
DateOfBirth,05-1932,0,5,1932,1900-01-01,2023-04-11
DateOfBirth,06-1932,1,6,1932,1900-01-01,2023-04-11
DateOfBirth,07-1932,0,7,1932,1900-01-01,2023-04-11
DateOfBirth,08-1932,1,8,1932,1900-01-01,2023-04-11
DateOfBirth,09-1932,0,9,1932,1900-01-01,2023-04-11
DateOfBirth,10-1932,0,10,1932,1900-01-01,2023-04-11
DateOfBirth,11-1932,0,11,1932,1900-01-01,2023-04-11
DateOfBirth,12-1932,0,12,1932,1900-01-01,2023-04-11
DateOfBirth,01-1933,0,1,1933,1900-01-01,2023-04-11
DateOfBirth,02-1933,0,2,1933,1900-01-01,2023-04-11
DateOfBirth,03-1933,0,3,1933,1900-01-01,2023-04-11
DateOfBirth,04-1933,0,4,1933,1900-01-01,2023-04-11
DateOfBirth,05-1933,0,5,1933,1900-01-01,2023-04-11
DateOfBirth,06-1933,0,6,1933,1900-01-01,2023-04-11
DateOfBirth,07-1933,0,7,1933,1900-01-01,2023-04-11
DateOfBirth,08-1933,0,8,1933,1900-01-01,2023-04-11
DateOfBirth,09-1933,0,9,1933,1900-01-01,2023-04-11
DateOfBirth,10-1933,0,10,1933,1900-01-01,2023-04-11
DateOfBirth,11-1933,0,11,1933,1900-01-01,2023-04-11
DateOfBirth,12-1933,0,12,1933,1900-01-01,2023-04-11
DateOfBirth,01-1934,0,1,1934,1900-01-01,2023-04-11
DateOfBirth,02-1934,0,2,1934,1900-01-01,2023-04-11
DateOfBirth,03-1934,0,3,1934,1900-01-01,2023-04-11
DateOfBirth,04-1934,0,4,1934,1900-01-01,2023-04-11
DateOfBirth,05-1934,0,5,1934,1900-01-01,2023-04-11
DateOfBirth,06-1934,2,6,1934,1900-01-01,2023-04-11
DateOfBirth,07-1934,0,7,1934,1900-01-01,2023-04-11
DateOfBirth,08-1934,0,8,1934,1900-01-01,2023-04-11
DateOfBirth,09-1934,0,9,1934,1900-01-01,2023-04-11
DateOfBirth,10-1934,0,10,1934,1900-01-01,2023-04-11
DateOfBirth,11-1934,0,11,1934,1900-01-01,2023-04-11
DateOfBirth,12-1934,0,12,1934,1900-01-01,2023-04-11
DateOfBirth,01-1935,0,1,1935,1900-01-01,2023-04-11
DateOfBirth,02-1935,0,2,1935,1900-01-01,2023-04-11
DateOfBirth,03-1935,0,3,1935,1900-01-01,2023-04-11
DateOfBirth,04-1935,1,4,1935,1900-01-01,2023-04-11
DateOfBirth,05-1935,0,5,1935,1900-01-01,2023-04-11
DateOfBirth,06-1935,1,6,1935,1900-01-01,2023-04-11
DateOfBirth,07-1935,0,7,1935,1900-01-01,2023-04-11
DateOfBirth,08-1935,0,8,1935,1900-01-01,2023-04-11
DateOfBirth,09-1935,0,9,1935,1900-01-01,2023-04-11
DateOfBirth,10-1935,0,10,1935,1900-01-01,2023-04-11
DateOfBirth,11-1935,0,11,1935,1900-01-01,2023-04-11
DateOfBirth,12-1935,0,12,1935,1900-01-01,2023-04-11
DateOfBirth,01-1936,1,1,1936,1900-01-01,2023-04-11
DateOfBirth,02-1936,0,2,1936,1900-01-01,2023-04-11
DateOfBirth,03-1936,1,3,1936,1900-01-01,2023-04-11
DateOfBirth,04-1936,0,4,1936,1900-01-01,2023-04-11
DateOfBirth,05-1936,0,5,1936,1900-01-01,2023-04-11
DateOfBirth,06-1936,0,6,1936,1900-01-01,2023-04-11
DateOfBirth,07-1936,0,7,1936,1900-01-01,2023-04-11
DateOfBirth,08-1936,0,8,1936,1900-01-01,2023-04-11
DateOfBirth,09-1936,0,9,1936,1900-01-01,2023-04-11
DateOfBirth,10-1936,0,10,1936,1900-01-01,2023-04-11
DateOfBirth,11-1936,0,11,1936,1900-01-01,2023-04-11
DateOfBirth,12-1936,1,12,1936,1900-01-01,2023-04-11
DateOfBirth,01-1937,0,1,1937,1900-01-01,2023-04-11
DateOfBirth,02-1937,0,2,1937,1900-01-01,2023-04-11
DateOfBirth,03-1937,0,3,1937,1900-01-01,2023-04-11
DateOfBirth,04-1937,0,4,1937,1900-01-01,2023-04-11
DateOfBirth,05-1937,0,5,1937,1900-01-01,2023-04-11
DateOfBirth,06-1937,0,6,1937,1900-01-01,2023-04-11
DateOfBirth,07-1937,2,7,1937,1900-01-01,2023-04-11
DateOfBirth,08-1937,0,8,1937,1900-01-01,2023-04-11
DateOfBirth,09-1937,2,9,1937,1900-01-01,2023-04-11
DateOfBirth,10-1937,0,10,1937,1900-01-01,2023-04-11
DateOfBirth,11-1937,0,11,1937,1900-01-01,2023-04-11
DateOfBirth,12-1937,0,12,1937,1900-01-01,2023-04-11
DateOfBirth,01-1938,2,1,1938,1900-01-01,2023-04-11
DateOfBirth,02-1938,0,2,1938,1900-01-01,2023-04-11
DateOfBirth,03-1938,2,3,1938,1900-01-01,2023-04-11
DateOfBirth,04-1938,0,4,1938,1900-01-01,2023-04-11
DateOfBirth,05-1938,1,5,1938,1900-01-01,2023-04-11
DateOfBirth,06-1938,2,6,1938,1900-01-01,2023-04-11
DateOfBirth,07-1938,0,7,1938,1900-01-01,2023-04-11
DateOfBirth,08-1938,0,8,1938,1900-01-01,2023-04-11
DateOfBirth,09-1938,0,9,1938,1900-01-01,2023-04-11
DateOfBirth,10-1938,0,10,1938,1900-01-01,2023-04-11
DateOfBirth,11-1938,0,11,1938,1900-01-01,2023-04-11
DateOfBirth,12-1938,1,12,1938,1900-01-01,2023-04-11
DateOfBirth,01-1939,1,1,1939,1900-01-01,2023-04-11
DateOfBirth,02-1939,0,2,1939,1900-01-01,2023-04-11
DateOfBirth,03-1939,0,3,1939,1900-01-01,2023-04-11
DateOfBirth,04-1939,0,4,1939,1900-01-01,2023-04-11
DateOfBirth,05-1939,3,5,1939,1900-01-01,2023-04-11
DateOfBirth,06-1939,1,6,1939,1900-01-01,2023-04-11
DateOfBirth,07-1939,1,7,1939,1900-01-01,2023-04-11
DateOfBirth,08-1939,0,8,1939,1900-01-01,2023-04-11
DateOfBirth,09-1939,2,9,1939,1900-01-01,2023-04-11
DateOfBirth,10-1939,1,10,1939,1900-01-01,2023-04-11
DateOfBirth,11-1939,2,11,1939,1900-01-01,2023-04-11
DateOfBirth,12-1939,4,12,1939,1900-01-01,2023-04-11
DateOfBirth,01-1940,2,1,1940,1900-01-01,2023-04-11
DateOfBirth,02-1940,0,2,1940,1900-01-01,2023-04-11
DateOfBirth,03-1940,1,3,1940,1900-01-01,2023-04-11
DateOfBirth,04-1940,0,4,1940,1900-01-01,2023-04-11
DateOfBirth,05-1940,1,5,1940,1900-01-01,2023-04-11
DateOfBirth,06-1940,0,6,1940,1900-01-01,2023-04-11
DateOfBirth,07-1940,0,7,1940,1900-01-01,2023-04-11
DateOfBirth,08-1940,0,8,1940,1900-01-01,2023-04-11
DateOfBirth,09-1940,2,9,1940,1900-01-01,2023-04-11
DateOfBirth,10-1940,1,10,1940,1900-01-01,2023-04-11
DateOfBirth,11-1940,1,11,1940,1900-01-01,2023-04-11
DateOfBirth,12-1940,4,12,1940,1900-01-01,2023-04-11
DateOfBirth,01-1941,1,1,1941,1900-01-01,2023-04-11
DateOfBirth,02-1941,1,2,1941,1900-01-01,2023-04-11
DateOfBirth,03-1941,1,3,1941,1900-01-01,2023-04-11
DateOfBirth,04-1941,3,4,1941,1900-01-01,2023-04-11
DateOfBirth,05-1941,0,5,1941,1900-01-01,2023-04-11
DateOfBirth,06-1941,2,6,1941,1900-01-01,2023-04-11
DateOfBirth,07-1941,0,7,1941,1900-01-01,2023-04-11
DateOfBirth,08-1941,1,8,1941,1900-01-01,2023-04-11
DateOfBirth,09-1941,0,9,1941,1900-01-01,2023-04-11
DateOfBirth,10-1941,1,10,1941,1900-01-01,2023-04-11
DateOfBirth,11-1941,0,11,1941,1900-01-01,2023-04-11
DateOfBirth,12-1941,0,12,1941,1900-01-01,2023-04-11
DateOfBirth,01-1942,3,1,1942,1900-01-01,2023-04-11
DateOfBirth,02-1942,2,2,1942,1900-01-01,2023-04-11
DateOfBirth,03-1942,0,3,1942,1900-01-01,2023-04-11
DateOfBirth,04-1942,1,4,1942,1900-01-01,2023-04-11
DateOfBirth,05-1942,2,5,1942,1900-01-01,2023-04-11
DateOfBirth,06-1942,0,6,1942,1900-01-01,2023-04-11
DateOfBirth,07-1942,3,7,1942,1900-01-01,2023-04-11
DateOfBirth,08-1942,0,8,1942,1900-01-01,2023-04-11
DateOfBirth,09-1942,3,9,1942,1900-01-01,2023-04-11
DateOfBirth,10-1942,0,10,1942,1900-01-01,2023-04-11
DateOfBirth,11-1942,1,11,1942,1900-01-01,2023-04-11
DateOfBirth,12-1942,3,12,1942,1900-01-01,2023-04-11
DateOfBirth,01-1943,0,1,1943,1900-01-01,2023-04-11
DateOfBirth,02-1943,5,2,1943,1900-01-01,2023-04-11
DateOfBirth,03-1943,1,3,1943,1900-01-01,2023-04-11
DateOfBirth,04-1943,0,4,1943,1900-01-01,2023-04-11
DateOfBirth,05-1943,2,5,1943,1900-01-01,2023-04-11
DateOfBirth,06-1943,0,6,1943,1900-01-01,2023-04-11
DateOfBirth,07-1943,0,7,1943,1900-01-01,2023-04-11
DateOfBirth,08-1943,3,8,1943,1900-01-01,2023-04-11
DateOfBirth,09-1943,1,9,1943,1900-01-01,2023-04-11
DateOfBirth,10-1943,1,10,1943,1900-01-01,2023-04-11
DateOfBirth,11-1943,2,11,1943,1900-01-01,2023-04-11
DateOfBirth,12-1943,2,12,1943,1900-01-01,2023-04-11
DateOfBirth,01-1944,1,1,1944,1900-01-01,2023-04-11
DateOfBirth,02-1944,3,2,1944,1900-01-01,2023-04-11
DateOfBirth,03-1944,1,3,1944,1900-01-01,2023-04-11
DateOfBirth,04-1944,3,4,1944,1900-01-01,2023-04-11
DateOfBirth,05-1944,1,5,1944,1900-01-01,2023-04-11
DateOfBirth,06-1944,1,6,1944,1900-01-01,2023-04-11
DateOfBirth,07-1944,2,7,1944,1900-01-01,2023-04-11
DateOfBirth,08-1944,1,8,1944,1900-01-01,2023-04-11
DateOfBirth,09-1944,1,9,1944,1900-01-01,2023-04-11
DateOfBirth,10-1944,2,10,1944,1900-01-01,2023-04-11
DateOfBirth,11-1944,1,11,1944,1900-01-01,2023-04-11
DateOfBirth,12-1944,2,12,1944,1900-01-01,2023-04-11
DateOfBirth,01-1945,3,1,1945,1900-01-01,2023-04-11
DateOfBirth,02-1945,0,2,1945,1900-01-01,2023-04-11
DateOfBirth,03-1945,3,3,1945,1900-01-01,2023-04-11
DateOfBirth,04-1945,2,4,1945,1900-01-01,2023-04-11
DateOfBirth,05-1945,4,5,1945,1900-01-01,2023-04-11
DateOfBirth,06-1945,0,6,1945,1900-01-01,2023-04-11
DateOfBirth,07-1945,3,7,1945,1900-01-01,2023-04-11
DateOfBirth,08-1945,1,8,1945,1900-01-01,2023-04-11
DateOfBirth,09-1945,2,9,1945,1900-01-01,2023-04-11
DateOfBirth,10-1945,1,10,1945,1900-01-01,2023-04-11
DateOfBirth,11-1945,3,11,1945,1900-01-01,2023-04-11
DateOfBirth,12-1945,3,12,1945,1900-01-01,2023-04-11
DateOfBirth,01-1946,1,1,1946,1900-01-01,2023-04-11
DateOfBirth,02-1946,4,2,1946,1900-01-01,2023-04-11
DateOfBirth,03-1946,3,3,1946,1900-01-01,2023-04-11
DateOfBirth,04-1946,1,4,1946,1900-01-01,2023-04-11
DateOfBirth,05-1946,6,5,1946,1900-01-01,2023-04-11
DateOfBirth,06-1946,1,6,1946,1900-01-01,2023-04-11
DateOfBirth,07-1946,3,7,1946,1900-01-01,2023-04-11
DateOfBirth,08-1946,2,8,1946,1900-01-01,2023-04-11
DateOfBirth,09-1946,0,9,1946,1900-01-01,2023-04-11
DateOfBirth,10-1946,7,10,1946,1900-01-01,2023-04-11
DateOfBirth,11-1946,3,11,1946,1900-01-01,2023-04-11
DateOfBirth,12-1946,4,12,1946,1900-01-01,2023-04-11
DateOfBirth,01-1947,5,1,1947,1900-01-01,2023-04-11
DateOfBirth,02-1947,4,2,1947,1900-01-01,2023-04-11
DateOfBirth,03-1947,4,3,1947,1900-01-01,2023-04-11
DateOfBirth,04-1947,0,4,1947,1900-01-01,2023-04-11
DateOfBirth,05-1947,2,5,1947,1900-01-01,2023-04-11
DateOfBirth,06-1947,3,6,1947,1900-01-01,2023-04-11
DateOfBirth,07-1947,2,7,1947,1900-01-01,2023-04-11
DateOfBirth,08-1947,1,8,1947,1900-01-01,2023-04-11
DateOfBirth,09-1947,1,9,1947,1900-01-01,2023-04-11
DateOfBirth,10-1947,4,10,1947,1900-01-01,2023-04-11
DateOfBirth,11-1947,3,11,1947,1900-01-01,2023-04-11
DateOfBirth,12-1947,3,12,1947,1900-01-01,2023-04-11
DateOfBirth,01-1948,2,1,1948,1900-01-01,2023-04-11
DateOfBirth,02-1948,3,2,1948,1900-01-01,2023-04-11
DateOfBirth,03-1948,6,3,1948,1900-01-01,2023-04-11
DateOfBirth,04-1948,3,4,1948,1900-01-01,2023-04-11
DateOfBirth,05-1948,3,5,1948,1900-01-01,2023-04-11
DateOfBirth,06-1948,1,6,1948,1900-01-01,2023-04-11
DateOfBirth,07-1948,2,7,1948,1900-01-01,2023-04-11
DateOfBirth,08-1948,6,8,1948,1900-01-01,2023-04-11
DateOfBirth,09-1948,2,9,1948,1900-01-01,2023-04-11
DateOfBirth,10-1948,5,10,1948,1900-01-01,2023-04-11
DateOfBirth,11-1948,6,11,1948,1900-01-01,2023-04-11
DateOfBirth,12-1948,5,12,1948,1900-01-01,2023-04-11
DateOfBirth,01-1949,7,1,1949,1900-01-01,2023-04-11
DateOfBirth,02-1949,9,2,1949,1900-01-01,2023-04-11
DateOfBirth,03-1949,2,3,1949,1900-01-01,2023-04-11
DateOfBirth,04-1949,4,4,1949,1900-01-01,2023-04-11
DateOfBirth,05-1949,4,5,1949,1900-01-01,2023-04-11
DateOfBirth,06-1949,2,6,1949,1900-01-01,2023-04-11
DateOfBirth,07-1949,3,7,1949,1900-01-01,2023-04-11
DateOfBirth,08-1949,5,8,1949,1900-01-01,2023-04-11
DateOfBirth,09-1949,3,9,1949,1900-01-01,2023-04-11
DateOfBirth,10-1949,11,10,1949,1900-01-01,2023-04-11
DateOfBirth,11-1949,4,11,1949,1900-01-01,2023-04-11
DateOfBirth,12-1949,0,12,1949,1900-01-01,2023-04-11
DateOfBirth,01-1950,4,1,1950,1900-01-01,2023-04-11
DateOfBirth,02-1950,4,2,1950,1900-01-01,2023-04-11
DateOfBirth,03-1950,8,3,1950,1900-01-01,2023-04-11
DateOfBirth,04-1950,4,4,1950,1900-01-01,2023-04-11
DateOfBirth,05-1950,5,5,1950,1900-01-01,2023-04-11
DateOfBirth,06-1950,4,6,1950,1900-01-01,2023-04-11
DateOfBirth,07-1950,6,7,1950,1900-01-01,2023-04-11
DateOfBirth,08-1950,3,8,1950,1900-01-01,2023-04-11
DateOfBirth,09-1950,3,9,1950,1900-01-01,2023-04-11
DateOfBirth,10-1950,9,10,1950,1900-01-01,2023-04-11
DateOfBirth,11-1950,5,11,1950,1900-01-01,2023-04-11
DateOfBirth,12-1950,6,12,1950,1900-01-01,2023-04-11
DateOfBirth,01-1951,5,1,1951,1900-01-01,2023-04-11
DateOfBirth,02-1951,7,2,1951,1900-01-01,2023-04-11
DateOfBirth,03-1951,6,3,1951,1900-01-01,2023-04-11
DateOfBirth,04-1951,7,4,1951,1900-01-01,2023-04-11
DateOfBirth,05-1951,5,5,1951,1900-01-01,2023-04-11
DateOfBirth,06-1951,6,6,1951,1900-01-01,2023-04-11
DateOfBirth,07-1951,10,7,1951,1900-01-01,2023-04-11
DateOfBirth,08-1951,6,8,1951,1900-01-01,2023-04-11
DateOfBirth,09-1951,8,9,1951,1900-01-01,2023-04-11
DateOfBirth,10-1951,5,10,1951,1900-01-01,2023-04-11
DateOfBirth,11-1951,5,11,1951,1900-01-01,2023-04-11
DateOfBirth,12-1951,9,12,1951,1900-01-01,2023-04-11
DateOfBirth,01-1952,7,1,1952,1900-01-01,2023-04-11
DateOfBirth,02-1952,7,2,1952,1900-01-01,2023-04-11
DateOfBirth,03-1952,5,3,1952,1900-01-01,2023-04-11
DateOfBirth,04-1952,8,4,1952,1900-01-01,2023-04-11
DateOfBirth,05-1952,1,5,1952,1900-01-01,2023-04-11
DateOfBirth,06-1952,9,6,1952,1900-01-01,2023-04-11
DateOfBirth,07-1952,5,7,1952,1900-01-01,2023-04-11
DateOfBirth,08-1952,5,8,1952,1900-01-01,2023-04-11
DateOfBirth,09-1952,7,9,1952,1900-01-01,2023-04-11
DateOfBirth,10-1952,8,10,1952,1900-01-01,2023-04-11
DateOfBirth,11-1952,3,11,1952,1900-01-01,2023-04-11
DateOfBirth,12-1952,6,12,1952,1900-01-01,2023-04-11
DateOfBirth,01-1953,8,1,1953,1900-01-01,2023-04-11
DateOfBirth,02-1953,5,2,1953,1900-01-01,2023-04-11
DateOfBirth,03-1953,3,3,1953,1900-01-01,2023-04-11
DateOfBirth,04-1953,4,4,1953,1900-01-01,2023-04-11
DateOfBirth,05-1953,11,5,1953,1900-01-01,2023-04-11
DateOfBirth,06-1953,6,6,1953,1900-01-01,2023-04-11
DateOfBirth,07-1953,7,7,1953,1900-01-01,2023-04-11
DateOfBirth,08-1953,4,8,1953,1900-01-01,2023-04-11
DateOfBirth,09-1953,7,9,1953,1900-01-01,2023-04-11
DateOfBirth,10-1953,5,10,1953,1900-01-01,2023-04-11
DateOfBirth,11-1953,7,11,1953,1900-01-01,2023-04-11
DateOfBirth,12-1953,11,12,1953,1900-01-01,2023-04-11
DateOfBirth,01-1954,14,1,1954,1900-01-01,2023-04-11
DateOfBirth,02-1954,6,2,1954,1900-01-01,2023-04-11
DateOfBirth,03-1954,5,3,1954,1900-01-01,2023-04-11
DateOfBirth,04-1954,7,4,1954,1900-01-01,2023-04-11
DateOfBirth,05-1954,11,5,1954,1900-01-01,2023-04-11
DateOfBirth,06-1954,4,6,1954,1900-01-01,2023-04-11
DateOfBirth,07-1954,3,7,1954,1900-01-01,2023-04-11
DateOfBirth,08-1954,8,8,1954,1900-01-01,2023-04-11
DateOfBirth,09-1954,7,9,1954,1900-01-01,2023-04-11
DateOfBirth,10-1954,6,10,1954,1900-01-01,2023-04-11
DateOfBirth,11-1954,11,11,1954,1900-01-01,2023-04-11
DateOfBirth,12-1954,14,12,1954,1900-01-01,2023-04-11
DateOfBirth,01-1955,9,1,1955,1900-01-01,2023-04-11
DateOfBirth,02-1955,15,2,1955,1900-01-01,2023-04-11
DateOfBirth,03-1955,9,3,1955,1900-01-01,2023-04-11
DateOfBirth,04-1955,6,4,1955,1900-01-01,2023-04-11
DateOfBirth,05-1955,14,5,1955,1900-01-01,2023-04-11
DateOfBirth,06-1955,6,6,1955,1900-01-01,2023-04-11
DateOfBirth,07-1955,7,7,1955,1900-01-01,2023-04-11
DateOfBirth,08-1955,7,8,1955,1900-01-01,2023-04-11
DateOfBirth,09-1955,4,9,1955,1900-01-01,2023-04-11
DateOfBirth,10-1955,7,10,1955,1900-01-01,2023-04-11
DateOfBirth,11-1955,4,11,1955,1900-01-01,2023-04-11
DateOfBirth,12-1955,11,12,1955,1900-01-01,2023-04-11
DateOfBirth,01-1956,14,1,1956,1900-01-01,2023-04-11
DateOfBirth,02-1956,15,2,1956,1900-01-01,2023-04-11
DateOfBirth,03-1956,9,3,1956,1900-01-01,2023-04-11
DateOfBirth,04-1956,19,4,1956,1900-01-01,2023-04-11
DateOfBirth,05-1956,12,5,1956,1900-01-01,2023-04-11
DateOfBirth,06-1956,8,6,1956,1900-01-01,2023-04-11
DateOfBirth,07-1956,8,7,1956,1900-01-01,2023-04-11
DateOfBirth,08-1956,12,8,1956,1900-01-01,2023-04-11
DateOfBirth,09-1956,16,9,1956,1900-01-01,2023-04-11
DateOfBirth,10-1956,12,10,1956,1900-01-01,2023-04-11
DateOfBirth,11-1956,8,11,1956,1900-01-01,2023-04-11
DateOfBirth,12-1956,22,12,1956,1900-01-01,2023-04-11
DateOfBirth,01-1957,19,1,1957,1900-01-01,2023-04-11
DateOfBirth,02-1957,7,2,1957,1900-01-01,2023-04-11
DateOfBirth,03-1957,10,3,1957,1900-01-01,2023-04-11
DateOfBirth,04-1957,10,4,1957,1900-01-01,2023-04-11
DateOfBirth,05-1957,12,5,1957,1900-01-01,2023-04-11
DateOfBirth,06-1957,13,6,1957,1900-01-01,2023-04-11
DateOfBirth,07-1957,7,7,1957,1900-01-01,2023-04-11
DateOfBirth,08-1957,9,8,1957,1900-01-01,2023-04-11
DateOfBirth,09-1957,9,9,1957,1900-01-01,2023-04-11
DateOfBirth,10-1957,5,10,1957,1900-01-01,2023-04-11
DateOfBirth,11-1957,13,11,1957,1900-01-01,2023-04-11
DateOfBirth,12-1957,11,12,1957,1900-01-01,2023-04-11
DateOfBirth,01-1958,9,1,1958,1900-01-01,2023-04-11
DateOfBirth,02-1958,8,2,1958,1900-01-01,2023-04-11
DateOfBirth,03-1958,7,3,1958,1900-01-01,2023-04-11
DateOfBirth,04-1958,10,4,1958,1900-01-01,2023-04-11
DateOfBirth,05-1958,9,5,1958,1900-01-01,2023-04-11
DateOfBirth,06-1958,4,6,1958,1900-01-01,2023-04-11
DateOfBirth,07-1958,12,7,1958,1900-01-01,2023-04-11
DateOfBirth,08-1958,17,8,1958,1900-01-01,2023-04-11
DateOfBirth,09-1958,12,9,1958,1900-01-01,2023-04-11
DateOfBirth,10-1958,11,10,1958,1900-01-01,2023-04-11
DateOfBirth,11-1958,8,11,1958,1900-01-01,2023-04-11
DateOfBirth,12-1958,10,12,1958,1900-01-01,2023-04-11
DateOfBirth,01-1959,8,1,1959,1900-01-01,2023-04-11
DateOfBirth,02-1959,10,2,1959,1900-01-01,2023-04-11
DateOfBirth,03-1959,13,3,1959,1900-01-01,2023-04-11
DateOfBirth,04-1959,8,4,1959,1900-01-01,2023-04-11
DateOfBirth,05-1959,9,5,1959,1900-01-01,2023-04-11
DateOfBirth,06-1959,15,6,1959,1900-01-01,2023-04-11
DateOfBirth,07-1959,9,7,1959,1900-01-01,2023-04-11
DateOfBirth,08-1959,7,8,1959,1900-01-01,2023-04-11
DateOfBirth,09-1959,12,9,1959,1900-01-01,2023-04-11
DateOfBirth,10-1959,15,10,1959,1900-01-01,2023-04-11
DateOfBirth,11-1959,7,11,1959,1900-01-01,2023-04-11
DateOfBirth,12-1959,19,12,1959,1900-01-01,2023-04-11
DateOfBirth,01-1960,15,1,1960,1900-01-01,2023-04-11
DateOfBirth,02-1960,14,2,1960,1900-01-01,2023-04-11
DateOfBirth,03-1960,8,3,1960,1900-01-01,2023-04-11
DateOfBirth,04-1960,12,4,1960,1900-01-01,2023-04-11
DateOfBirth,05-1960,16,5,1960,1900-01-01,2023-04-11
DateOfBirth,06-1960,12,6,1960,1900-01-01,2023-04-11
DateOfBirth,07-1960,11,7,1960,1900-01-01,2023-04-11
DateOfBirth,08-1960,14,8,1960,1900-01-01,2023-04-11
DateOfBirth,09-1960,10,9,1960,1900-01-01,2023-04-11
DateOfBirth,10-1960,13,10,1960,1900-01-01,2023-04-11
DateOfBirth,11-1960,15,11,1960,1900-01-01,2023-04-11
DateOfBirth,12-1960,20,12,1960,1900-01-01,2023-04-11
DateOfBirth,01-1961,15,1,1961,1900-01-01,2023-04-11
DateOfBirth,02-1961,7,2,1961,1900-01-01,2023-04-11
DateOfBirth,03-1961,7,3,1961,1900-01-01,2023-04-11
DateOfBirth,04-1961,16,4,1961,1900-01-01,2023-04-11
DateOfBirth,05-1961,15,5,1961,1900-01-01,2023-04-11
DateOfBirth,06-1961,13,6,1961,1900-01-01,2023-04-11
DateOfBirth,07-1961,14,7,1961,1900-01-01,2023-04-11
DateOfBirth,08-1961,12,8,1961,1900-01-01,2023-04-11
DateOfBirth,09-1961,12,9,1961,1900-01-01,2023-04-11
DateOfBirth,10-1961,20,10,1961,1900-01-01,2023-04-11
DateOfBirth,11-1961,12,11,1961,1900-01-01,2023-04-11
DateOfBirth,12-1961,11,12,1961,1900-01-01,2023-04-11
DateOfBirth,01-1962,13,1,1962,1900-01-01,2023-04-11
DateOfBirth,02-1962,16,2,1962,1900-01-01,2023-04-11
DateOfBirth,03-1962,12,3,1962,1900-01-01,2023-04-11
DateOfBirth,04-1962,18,4,1962,1900-01-01,2023-04-11
DateOfBirth,05-1962,15,5,1962,1900-01-01,2023-04-11
DateOfBirth,06-1962,10,6,1962,1900-01-01,2023-04-11
DateOfBirth,07-1962,17,7,1962,1900-01-01,2023-04-11
DateOfBirth,08-1962,15,8,1962,1900-01-01,2023-04-11
DateOfBirth,09-1962,5,9,1962,1900-01-01,2023-04-11
DateOfBirth,10-1962,15,10,1962,1900-01-01,2023-04-11
DateOfBirth,11-1962,22,11,1962,1900-01-01,2023-04-11
DateOfBirth,12-1962,20,12,1962,1900-01-01,2023-04-11
DateOfBirth,01-1963,20,1,1963,1900-01-01,2023-04-11
DateOfBirth,02-1963,14,2,1963,1900-01-01,2023-04-11
DateOfBirth,03-1963,16,3,1963,1900-01-01,2023-04-11
DateOfBirth,04-1963,12,4,1963,1900-01-01,2023-04-11
DateOfBirth,05-1963,14,5,1963,1900-01-01,2023-04-11
DateOfBirth,06-1963,13,6,1963,1900-01-01,2023-04-11
DateOfBirth,07-1963,10,7,1963,1900-01-01,2023-04-11
DateOfBirth,08-1963,6,8,1963,1900-01-01,2023-04-11
DateOfBirth,09-1963,23,9,1963,1900-01-01,2023-04-11
DateOfBirth,10-1963,16,10,1963,1900-01-01,2023-04-11
DateOfBirth,11-1963,14,11,1963,1900-01-01,2023-04-11
DateOfBirth,12-1963,19,12,1963,1900-01-01,2023-04-11
DateOfBirth,01-1964,17,1,1964,1900-01-01,2023-04-11
DateOfBirth,02-1964,18,2,1964,1900-01-01,2023-04-11
DateOfBirth,03-1964,16,3,1964,1900-01-01,2023-04-11
DateOfBirth,04-1964,11,4,1964,1900-01-01,2023-04-11
DateOfBirth,05-1964,25,5,1964,1900-01-01,2023-04-11
DateOfBirth,06-1964,12,6,1964,1900-01-01,2023-04-11
DateOfBirth,07-1964,10,7,1964,1900-01-01,2023-04-11
DateOfBirth,08-1964,17,8,1964,1900-01-01,2023-04-11
DateOfBirth,09-1964,15,9,1964,1900-01-01,2023-04-11
DateOfBirth,10-1964,22,10,1964,1900-01-01,2023-04-11
DateOfBirth,11-1964,22,11,1964,1900-01-01,2023-04-11
DateOfBirth,12-1964,24,12,1964,1900-01-01,2023-04-11
DateOfBirth,01-1965,12,1,1965,1900-01-01,2023-04-11
DateOfBirth,02-1965,13,2,1965,1900-01-01,2023-04-11
DateOfBirth,03-1965,17,3,1965,1900-01-01,2023-04-11
DateOfBirth,04-1965,15,4,1965,1900-01-01,2023-04-11
DateOfBirth,05-1965,20,5,1965,1900-01-01,2023-04-11
DateOfBirth,06-1965,14,6,1965,1900-01-01,2023-04-11
DateOfBirth,07-1965,16,7,1965,1900-01-01,2023-04-11
DateOfBirth,08-1965,15,8,1965,1900-01-01,2023-04-11
DateOfBirth,09-1965,12,9,1965,1900-01-01,2023-04-11
DateOfBirth,10-1965,8,10,1965,1900-01-01,2023-04-11
DateOfBirth,11-1965,17,11,1965,1900-01-01,2023-04-11
DateOfBirth,12-1965,20,12,1965,1900-01-01,2023-04-11
DateOfBirth,01-1966,21,1,1966,1900-01-01,2023-04-11
DateOfBirth,02-1966,11,2,1966,1900-01-01,2023-04-11
DateOfBirth,03-1966,14,3,1966,1900-01-01,2023-04-11
DateOfBirth,04-1966,12,4,1966,1900-01-01,2023-04-11
DateOfBirth,05-1966,18,5,1966,1900-01-01,2023-04-11
DateOfBirth,06-1966,17,6,1966,1900-01-01,2023-04-11
DateOfBirth,07-1966,17,7,1966,1900-01-01,2023-04-11
DateOfBirth,08-1966,13,8,1966,1900-01-01,2023-04-11
DateOfBirth,09-1966,17,9,1966,1900-01-01,2023-04-11
DateOfBirth,10-1966,19,10,1966,1900-01-01,2023-04-11
DateOfBirth,11-1966,20,11,1966,1900-01-01,2023-04-11
DateOfBirth,12-1966,29,12,1966,1900-01-01,2023-04-11
DateOfBirth,01-1967,13,1,1967,1900-01-01,2023-04-11
DateOfBirth,02-1967,13,2,1967,1900-01-01,2023-04-11
DateOfBirth,03-1967,19,3,1967,1900-01-01,2023-04-11
DateOfBirth,04-1967,26,4,1967,1900-01-01,2023-04-11
DateOfBirth,05-1967,18,5,1967,1900-01-01,2023-04-11
DateOfBirth,06-1967,10,6,1967,1900-01-01,2023-04-11
DateOfBirth,07-1967,8,7,1967,1900-01-01,2023-04-11
DateOfBirth,08-1967,14,8,1967,1900-01-01,2023-04-11
DateOfBirth,09-1967,20,9,1967,1900-01-01,2023-04-11
DateOfBirth,10-1967,21,10,1967,1900-01-01,2023-04-11
DateOfBirth,11-1967,18,11,1967,1900-01-01,2023-04-11
DateOfBirth,12-1967,26,12,1967,1900-01-01,2023-04-11
DateOfBirth,01-1968,10,1,1968,1900-01-01,2023-04-11
DateOfBirth,02-1968,15,2,1968,1900-01-01,2023-04-11
DateOfBirth,03-1968,19,3,1968,1900-01-01,2023-04-11
DateOfBirth,04-1968,14,4,1968,1900-01-01,2023-04-11
DateOfBirth,05-1968,13,5,1968,1900-01-01,2023-04-11
DateOfBirth,06-1968,16,6,1968,1900-01-01,2023-04-11
DateOfBirth,07-1968,13,7,1968,1900-01-01,2023-04-11
DateOfBirth,08-1968,15,8,1968,1900-01-01,2023-04-11
DateOfBirth,09-1968,12,9,1968,1900-01-01,2023-04-11
DateOfBirth,10-1968,17,10,1968,1900-01-01,2023-04-11
DateOfBirth,11-1968,13,11,1968,1900-01-01,2023-04-11
DateOfBirth,12-1968,24,12,1968,1900-01-01,2023-04-11
DateOfBirth,01-1969,16,1,1969,1900-01-01,2023-04-11
DateOfBirth,02-1969,22,2,1969,1900-01-01,2023-04-11
DateOfBirth,03-1969,14,3,1969,1900-01-01,2023-04-11
DateOfBirth,04-1969,12,4,1969,1900-01-01,2023-04-11
DateOfBirth,05-1969,13,5,1969,1900-01-01,2023-04-11
DateOfBirth,06-1969,16,6,1969,1900-01-01,2023-04-11
DateOfBirth,07-1969,20,7,1969,1900-01-01,2023-04-11
DateOfBirth,08-1969,27,8,1969,1900-01-01,2023-04-11
DateOfBirth,09-1969,20,9,1969,1900-01-01,2023-04-11
DateOfBirth,10-1969,10,10,1969,1900-01-01,2023-04-11
DateOfBirth,11-1969,23,11,1969,1900-01-01,2023-04-11
DateOfBirth,12-1969,31,12,1969,1900-01-01,2023-04-11
DateOfBirth,01-1970,22,1,1970,1900-01-01,2023-04-11
DateOfBirth,02-1970,21,2,1970,1900-01-01,2023-04-11
DateOfBirth,03-1970,14,3,1970,1900-01-01,2023-04-11
DateOfBirth,04-1970,17,4,1970,1900-01-01,2023-04-11
DateOfBirth,05-1970,15,5,1970,1900-01-01,2023-04-11
DateOfBirth,06-1970,19,6,1970,1900-01-01,2023-04-11
DateOfBirth,07-1970,20,7,1970,1900-01-01,2023-04-11
DateOfBirth,08-1970,18,8,1970,1900-01-01,2023-04-11
DateOfBirth,09-1970,11,9,1970,1900-01-01,2023-04-11
DateOfBirth,10-1970,22,10,1970,1900-01-01,2023-04-11
DateOfBirth,11-1970,14,11,1970,1900-01-01,2023-04-11
DateOfBirth,12-1970,23,12,1970,1900-01-01,2023-04-11
DateOfBirth,01-1971,12,1,1971,1900-01-01,2023-04-11
DateOfBirth,02-1971,16,2,1971,1900-01-01,2023-04-11
DateOfBirth,03-1971,27,3,1971,1900-01-01,2023-04-11
DateOfBirth,04-1971,19,4,1971,1900-01-01,2023-04-11
DateOfBirth,05-1971,20,5,1971,1900-01-01,2023-04-11
DateOfBirth,06-1971,16,6,1971,1900-01-01,2023-04-11
DateOfBirth,07-1971,17,7,1971,1900-01-01,2023-04-11
DateOfBirth,08-1971,16,8,1971,1900-01-01,2023-04-11
DateOfBirth,09-1971,26,9,1971,1900-01-01,2023-04-11
DateOfBirth,10-1971,25,10,1971,1900-01-01,2023-04-11
DateOfBirth,11-1971,19,11,1971,1900-01-01,2023-04-11
DateOfBirth,12-1971,31,12,1971,1900-01-01,2023-04-11
DateOfBirth,01-1972,22,1,1972,1900-01-01,2023-04-11
DateOfBirth,02-1972,19,2,1972,1900-01-01,2023-04-11
DateOfBirth,03-1972,19,3,1972,1900-01-01,2023-04-11
DateOfBirth,04-1972,14,4,1972,1900-01-01,2023-04-11
DateOfBirth,05-1972,9,5,1972,1900-01-01,2023-04-11
DateOfBirth,06-1972,18,6,1972,1900-01-01,2023-04-11
DateOfBirth,07-1972,26,7,1972,1900-01-01,2023-04-11
DateOfBirth,08-1972,15,8,1972,1900-01-01,2023-04-11
DateOfBirth,09-1972,27,9,1972,1900-01-01,2023-04-11
DateOfBirth,10-1972,18,10,1972,1900-01-01,2023-04-11
DateOfBirth,11-1972,28,11,1972,1900-01-01,2023-04-11
DateOfBirth,12-1972,22,12,1972,1900-01-01,2023-04-11
DateOfBirth,01-1973,15,1,1973,1900-01-01,2023-04-11
DateOfBirth,02-1973,20,2,1973,1900-01-01,2023-04-11
DateOfBirth,03-1973,21,3,1973,1900-01-01,2023-04-11
DateOfBirth,04-1973,20,4,1973,1900-01-01,2023-04-11
DateOfBirth,05-1973,18,5,1973,1900-01-01,2023-04-11
DateOfBirth,06-1973,15,6,1973,1900-01-01,2023-04-11
DateOfBirth,07-1973,18,7,1973,1900-01-01,2023-04-11
DateOfBirth,08-1973,20,8,1973,1900-01-01,2023-04-11
DateOfBirth,09-1973,17,9,1973,1900-01-01,2023-04-11
DateOfBirth,10-1973,21,10,1973,1900-01-01,2023-04-11
DateOfBirth,11-1973,23,11,1973,1900-01-01,2023-04-11
DateOfBirth,12-1973,47,12,1973,1900-01-01,2023-04-11
DateOfBirth,01-1974,18,1,1974,1900-01-01,2023-04-11
DateOfBirth,02-1974,19,2,1974,1900-01-01,2023-04-11
DateOfBirth,03-1974,16,3,1974,1900-01-01,2023-04-11
DateOfBirth,04-1974,19,4,1974,1900-01-01,2023-04-11
DateOfBirth,05-1974,24,5,1974,1900-01-01,2023-04-11
DateOfBirth,06-1974,21,6,1974,1900-01-01,2023-04-11
DateOfBirth,07-1974,22,7,1974,1900-01-01,2023-04-11
DateOfBirth,08-1974,15,8,1974,1900-01-01,2023-04-11
DateOfBirth,09-1974,24,9,1974,1900-01-01,2023-04-11
DateOfBirth,10-1974,18,10,1974,1900-01-01,2023-04-11
DateOfBirth,11-1974,13,11,1974,1900-01-01,2023-04-11
DateOfBirth,12-1974,31,12,1974,1900-01-01,2023-04-11
DateOfBirth,01-1975,18,1,1975,1900-01-01,2023-04-11
DateOfBirth,02-1975,14,2,1975,1900-01-01,2023-04-11
DateOfBirth,03-1975,16,3,1975,1900-01-01,2023-04-11
DateOfBirth,04-1975,21,4,1975,1900-01-01,2023-04-11
DateOfBirth,05-1975,21,5,1975,1900-01-01,2023-04-11
DateOfBirth,06-1975,15,6,1975,1900-01-01,2023-04-11
DateOfBirth,07-1975,21,7,1975,1900-01-01,2023-04-11
DateOfBirth,08-1975,20,8,1975,1900-01-01,2023-04-11
DateOfBirth,09-1975,19,9,1975,1900-01-01,2023-04-11
DateOfBirth,10-1975,28,10,1975,1900-01-01,2023-04-11
DateOfBirth,11-1975,22,11,1975,1900-01-01,2023-04-11
DateOfBirth,12-1975,33,12,1975,1900-01-01,2023-04-11
DateOfBirth,01-1976,22,1,1976,1900-01-01,2023-04-11
DateOfBirth,02-1976,18,2,1976,1900-01-01,2023-04-11
DateOfBirth,03-1976,23,3,1976,1900-01-01,2023-04-11
DateOfBirth,04-1976,19,4,1976,1900-01-01,2023-04-11
DateOfBirth,05-1976,32,5,1976,1900-01-01,2023-04-11
DateOfBirth,06-1976,15,6,1976,1900-01-01,2023-04-11
DateOfBirth,07-1976,22,7,1976,1900-01-01,2023-04-11
DateOfBirth,08-1976,17,8,1976,1900-01-01,2023-04-11
DateOfBirth,09-1976,27,9,1976,1900-01-01,2023-04-11
DateOfBirth,10-1976,19,10,1976,1900-01-01,2023-04-11
DateOfBirth,11-1976,14,11,1976,1900-01-01,2023-04-11
DateOfBirth,12-1976,50,12,1976,1900-01-01,2023-04-11
DateOfBirth,01-1977,18,1,1977,1900-01-01,2023-04-11
DateOfBirth,02-1977,18,2,1977,1900-01-01,2023-04-11
DateOfBirth,03-1977,23,3,1977,1900-01-01,2023-04-11
DateOfBirth,04-1977,29,4,1977,1900-01-01,2023-04-11
DateOfBirth,05-1977,24,5,1977,1900-01-01,2023-04-11
DateOfBirth,06-1977,14,6,1977,1900-01-01,2023-04-11
DateOfBirth,07-1977,26,7,1977,1900-01-01,2023-04-11
DateOfBirth,08-1977,16,8,1977,1900-01-01,2023-04-11
DateOfBirth,09-1977,25,9,1977,1900-01-01,2023-04-11
DateOfBirth,10-1977,26,10,1977,1900-01-01,2023-04-11
DateOfBirth,11-1977,24,11,1977,1900-01-01,2023-04-11
DateOfBirth,12-1977,31,12,1977,1900-01-01,2023-04-11
DateOfBirth,01-1978,18,1,1978,1900-01-01,2023-04-11
DateOfBirth,02-1978,24,2,1978,1900-01-01,2023-04-11
DateOfBirth,03-1978,19,3,1978,1900-01-01,2023-04-11
DateOfBirth,04-1978,21,4,1978,1900-01-01,2023-04-11
DateOfBirth,05-1978,15,5,1978,1900-01-01,2023-04-11
DateOfBirth,06-1978,26,6,1978,1900-01-01,2023-04-11
DateOfBirth,07-1978,23,7,1978,1900-01-01,2023-04-11
DateOfBirth,08-1978,28,8,1978,1900-01-01,2023-04-11
DateOfBirth,09-1978,27,9,1978,1900-01-01,2023-04-11
DateOfBirth,10-1978,33,10,1978,1900-01-01,2023-04-11
DateOfBirth,11-1978,28,11,1978,1900-01-01,2023-04-11
DateOfBirth,12-1978,31,12,1978,1900-01-01,2023-04-11
DateOfBirth,01-1979,25,1,1979,1900-01-01,2023-04-11
DateOfBirth,02-1979,19,2,1979,1900-01-01,2023-04-11
DateOfBirth,03-1979,20,3,1979,1900-01-01,2023-04-11
DateOfBirth,04-1979,20,4,1979,1900-01-01,2023-04-11
DateOfBirth,05-1979,24,5,1979,1900-01-01,2023-04-11
DateOfBirth,06-1979,19,6,1979,1900-01-01,2023-04-11
DateOfBirth,07-1979,28,7,1979,1900-01-01,2023-04-11
DateOfBirth,08-1979,30,8,1979,1900-01-01,2023-04-11
DateOfBirth,09-1979,19,9,1979,1900-01-01,2023-04-11
DateOfBirth,10-1979,22,10,1979,1900-01-01,2023-04-11
DateOfBirth,11-1979,15,11,1979,1900-01-01,2023-04-11
DateOfBirth,12-1979,42,12,1979,1900-01-01,2023-04-11
DateOfBirth,01-1980,31,1,1980,1900-01-01,2023-04-11
DateOfBirth,02-1980,20,2,1980,1900-01-01,2023-04-11
DateOfBirth,03-1980,29,3,1980,1900-01-01,2023-04-11
DateOfBirth,04-1980,28,4,1980,1900-01-01,2023-04-11
DateOfBirth,05-1980,31,5,1980,1900-01-01,2023-04-11
DateOfBirth,06-1980,22,6,1980,1900-01-01,2023-04-11
DateOfBirth,07-1980,32,7,1980,1900-01-01,2023-04-11
DateOfBirth,08-1980,23,8,1980,1900-01-01,2023-04-11
DateOfBirth,09-1980,26,9,1980,1900-01-01,2023-04-11
DateOfBirth,10-1980,28,10,1980,1900-01-01,2023-04-11
DateOfBirth,11-1980,29,11,1980,1900-01-01,2023-04-11
DateOfBirth,12-1980,35,12,1980,1900-01-01,2023-04-11
DateOfBirth,01-1981,20,1,1981,1900-01-01,2023-04-11
DateOfBirth,02-1981,16,2,1981,1900-01-01,2023-04-11
DateOfBirth,03-1981,20,3,1981,1900-01-01,2023-04-11
DateOfBirth,04-1981,20,4,1981,1900-01-01,2023-04-11
DateOfBirth,05-1981,22,5,1981,1900-01-01,2023-04-11
DateOfBirth,06-1981,28,6,1981,1900-01-01,2023-04-11
DateOfBirth,07-1981,16,7,1981,1900-01-01,2023-04-11
DateOfBirth,08-1981,24,8,1981,1900-01-01,2023-04-11
DateOfBirth,09-1981,28,9,1981,1900-01-01,2023-04-11
DateOfBirth,10-1981,30,10,1981,1900-01-01,2023-04-11
DateOfBirth,11-1981,21,11,1981,1900-01-01,2023-04-11
DateOfBirth,12-1981,42,12,1981,1900-01-01,2023-04-11
DateOfBirth,01-1982,20,1,1982,1900-01-01,2023-04-11
DateOfBirth,02-1982,20,2,1982,1900-01-01,2023-04-11
DateOfBirth,03-1982,25,3,1982,1900-01-01,2023-04-11
DateOfBirth,04-1982,19,4,1982,1900-01-01,2023-04-11
DateOfBirth,05-1982,29,5,1982,1900-01-01,2023-04-11
DateOfBirth,06-1982,25,6,1982,1900-01-01,2023-04-11
DateOfBirth,07-1982,33,7,1982,1900-01-01,2023-04-11
DateOfBirth,08-1982,29,8,1982,1900-01-01,2023-04-11
DateOfBirth,09-1982,31,9,1982,1900-01-01,2023-04-11
DateOfBirth,10-1982,17,10,1982,1900-01-01,2023-04-11
DateOfBirth,11-1982,30,11,1982,1900-01-01,2023-04-11
DateOfBirth,12-1982,29,12,1982,1900-01-01,2023-04-11
DateOfBirth,01-1983,39,1,1983,1900-01-01,2023-04-11
DateOfBirth,02-1983,27,2,1983,1900-01-01,2023-04-11
DateOfBirth,03-1983,24,3,1983,1900-01-01,2023-04-11
DateOfBirth,04-1983,30,4,1983,1900-01-01,2023-04-11
DateOfBirth,05-1983,35,5,1983,1900-01-01,2023-04-11
DateOfBirth,06-1983,25,6,1983,1900-01-01,2023-04-11
DateOfBirth,07-1983,24,7,1983,1900-01-01,2023-04-11
DateOfBirth,08-1983,28,8,1983,1900-01-01,2023-04-11
DateOfBirth,09-1983,32,9,1983,1900-01-01,2023-04-11
DateOfBirth,10-1983,28,10,1983,1900-01-01,2023-04-11
DateOfBirth,11-1983,26,11,1983,1900-01-01,2023-04-11
DateOfBirth,12-1983,49,12,1983,1900-01-01,2023-04-11
DateOfBirth,01-1984,28,1,1984,1900-01-01,2023-04-11
DateOfBirth,02-1984,23,2,1984,1900-01-01,2023-04-11
DateOfBirth,03-1984,24,3,1984,1900-01-01,2023-04-11
DateOfBirth,04-1984,26,4,1984,1900-01-01,2023-04-11
DateOfBirth,05-1984,29,5,1984,1900-01-01,2023-04-11
DateOfBirth,06-1984,38,6,1984,1900-01-01,2023-04-11
DateOfBirth,07-1984,31,7,1984,1900-01-01,2023-04-11
DateOfBirth,08-1984,29,8,1984,1900-01-01,2023-04-11
DateOfBirth,09-1984,34,9,1984,1900-01-01,2023-04-11
DateOfBirth,10-1984,27,10,1984,1900-01-01,2023-04-11
DateOfBirth,11-1984,29,11,1984,1900-01-01,2023-04-11
DateOfBirth,12-1984,54,12,1984,1900-01-01,2023-04-11
DateOfBirth,01-1985,35,1,1985,1900-01-01,2023-04-11
DateOfBirth,02-1985,17,2,1985,1900-01-01,2023-04-11
DateOfBirth,03-1985,23,3,1985,1900-01-01,2023-04-11
DateOfBirth,04-1985,32,4,1985,1900-01-01,2023-04-11
DateOfBirth,05-1985,23,5,1985,1900-01-01,2023-04-11
DateOfBirth,06-1985,31,6,1985,1900-01-01,2023-04-11
DateOfBirth,07-1985,36,7,1985,1900-01-01,2023-04-11
DateOfBirth,08-1985,27,8,1985,1900-01-01,2023-04-11
DateOfBirth,09-1985,29,9,1985,1900-01-01,2023-04-11
DateOfBirth,10-1985,45,10,1985,1900-01-01,2023-04-11
DateOfBirth,11-1985,19,11,1985,1900-01-01,2023-04-11
DateOfBirth,12-1985,40,12,1985,1900-01-01,2023-04-11
DateOfBirth,01-1986,34,1,1986,1900-01-01,2023-04-11
DateOfBirth,02-1986,23,2,1986,1900-01-01,2023-04-11
DateOfBirth,03-1986,38,3,1986,1900-01-01,2023-04-11
DateOfBirth,04-1986,29,4,1986,1900-01-01,2023-04-11
DateOfBirth,05-1986,27,5,1986,1900-01-01,2023-04-11
DateOfBirth,06-1986,30,6,1986,1900-01-01,2023-04-11
DateOfBirth,07-1986,31,7,1986,1900-01-01,2023-04-11
DateOfBirth,08-1986,33,8,1986,1900-01-01,2023-04-11
DateOfBirth,09-1986,31,9,1986,1900-01-01,2023-04-11
DateOfBirth,10-1986,45,10,1986,1900-01-01,2023-04-11
DateOfBirth,11-1986,33,11,1986,1900-01-01,2023-04-11
DateOfBirth,12-1986,41,12,1986,1900-01-01,2023-04-11
DateOfBirth,01-1987,26,1,1987,1900-01-01,2023-04-11
DateOfBirth,02-1987,37,2,1987,1900-01-01,2023-04-11
DateOfBirth,03-1987,35,3,1987,1900-01-01,2023-04-11
DateOfBirth,04-1987,32,4,1987,1900-01-01,2023-04-11
DateOfBirth,05-1987,36,5,1987,1900-01-01,2023-04-11
DateOfBirth,06-1987,27,6,1987,1900-01-01,2023-04-11
DateOfBirth,07-1987,37,7,1987,1900-01-01,2023-04-11
DateOfBirth,08-1987,28,8,1987,1900-01-01,2023-04-11
DateOfBirth,09-1987,37,9,1987,1900-01-01,2023-04-11
DateOfBirth,10-1987,43,10,1987,1900-01-01,2023-04-11
DateOfBirth,11-1987,50,11,1987,1900-01-01,2023-04-11
DateOfBirth,12-1987,53,12,1987,1900-01-01,2023-04-11
DateOfBirth,01-1988,35,1,1988,1900-01-01,2023-04-11
DateOfBirth,02-1988,26,2,1988,1900-01-01,2023-04-11
DateOfBirth,03-1988,31,3,1988,1900-01-01,2023-04-11
DateOfBirth,04-1988,20,4,1988,1900-01-01,2023-04-11
DateOfBirth,05-1988,32,5,1988,1900-01-01,2023-04-11
DateOfBirth,06-1988,38,6,1988,1900-01-01,2023-04-11
DateOfBirth,07-1988,30,7,1988,1900-01-01,2023-04-11
DateOfBirth,08-1988,39,8,1988,1900-01-01,2023-04-11
DateOfBirth,09-1988,38,9,1988,1900-01-01,2023-04-11
DateOfBirth,10-1988,37,10,1988,1900-01-01,2023-04-11
DateOfBirth,11-1988,46,11,1988,1900-01-01,2023-04-11
DateOfBirth,12-1988,53,12,1988,1900-01-01,2023-04-11
DateOfBirth,01-1989,29,1,1989,1900-01-01,2023-04-11
DateOfBirth,02-1989,26,2,1989,1900-01-01,2023-04-11
DateOfBirth,03-1989,33,3,1989,1900-01-01,2023-04-11
DateOfBirth,04-1989,33,4,1989,1900-01-01,2023-04-11
DateOfBirth,05-1989,36,5,1989,1900-01-01,2023-04-11
DateOfBirth,06-1989,29,6,1989,1900-01-01,2023-04-11
DateOfBirth,07-1989,51,7,1989,1900-01-01,2023-04-11
DateOfBirth,08-1989,34,8,1989,1900-01-01,2023-04-11
DateOfBirth,09-1989,52,9,1989,1900-01-01,2023-04-11
DateOfBirth,10-1989,40,10,1989,1900-01-01,2023-04-11
DateOfBirth,11-1989,38,11,1989,1900-01-01,2023-04-11
DateOfBirth,12-1989,58,12,1989,1900-01-01,2023-04-11
DateOfBirth,01-1990,42,1,1990,1900-01-01,2023-04-11
DateOfBirth,02-1990,39,2,1990,1900-01-01,2023-04-11
DateOfBirth,03-1990,39,3,1990,1900-01-01,2023-04-11
DateOfBirth,04-1990,37,4,1990,1900-01-01,2023-04-11
DateOfBirth,05-1990,36,5,1990,1900-01-01,2023-04-11
DateOfBirth,06-1990,48,6,1990,1900-01-01,2023-04-11
DateOfBirth,07-1990,37,7,1990,1900-01-01,2023-04-11
DateOfBirth,08-1990,37,8,1990,1900-01-01,2023-04-11
DateOfBirth,09-1990,51,9,1990,1900-01-01,2023-04-11
DateOfBirth,10-1990,51,10,1990,1900-01-01,2023-04-11
DateOfBirth,11-1990,41,11,1990,1900-01-01,2023-04-11
DateOfBirth,12-1990,61,12,1990,1900-01-01,2023-04-11
DateOfBirth,01-1991,31,1,1991,1900-01-01,2023-04-11
DateOfBirth,02-1991,31,2,1991,1900-01-01,2023-04-11
DateOfBirth,03-1991,35,3,1991,1900-01-01,2023-04-11
DateOfBirth,04-1991,31,4,1991,1900-01-01,2023-04-11
DateOfBirth,05-1991,40,5,1991,1900-01-01,2023-04-11
DateOfBirth,06-1991,40,6,1991,1900-01-01,2023-04-11
DateOfBirth,07-1991,47,7,1991,1900-01-01,2023-04-11
DateOfBirth,08-1991,41,8,1991,1900-01-01,2023-04-11
DateOfBirth,09-1991,34,9,1991,1900-01-01,2023-04-11
DateOfBirth,10-1991,41,10,1991,1900-01-01,2023-04-11
DateOfBirth,11-1991,48,11,1991,1900-01-01,2023-04-11
DateOfBirth,12-1991,63,12,1991,1900-01-01,2023-04-11
DateOfBirth,01-1992,42,1,1992,1900-01-01,2023-04-11
DateOfBirth,02-1992,34,2,1992,1900-01-01,2023-04-11
DateOfBirth,03-1992,38,3,1992,1900-01-01,2023-04-11
DateOfBirth,04-1992,36,4,1992,1900-01-01,2023-04-11
DateOfBirth,05-1992,39,5,1992,1900-01-01,2023-04-11
DateOfBirth,06-1992,31,6,1992,1900-01-01,2023-04-11
DateOfBirth,07-1992,43,7,1992,1900-01-01,2023-04-11
DateOfBirth,08-1992,37,8,1992,1900-01-01,2023-04-11
DateOfBirth,09-1992,60,9,1992,1900-01-01,2023-04-11
DateOfBirth,10-1992,50,10,1992,1900-01-01,2023-04-11
DateOfBirth,11-1992,37,11,1992,1900-01-01,2023-04-11
DateOfBirth,12-1992,52,12,1992,1900-01-01,2023-04-11
DateOfBirth,01-1993,43,1,1993,1900-01-01,2023-04-11
DateOfBirth,02-1993,34,2,1993,1900-01-01,2023-04-11
DateOfBirth,03-1993,37,3,1993,1900-01-01,2023-04-11
DateOfBirth,04-1993,47,4,1993,1900-01-01,2023-04-11
DateOfBirth,05-1993,36,5,1993,1900-01-01,2023-04-11
DateOfBirth,06-1993,45,6,1993,1900-01-01,2023-04-11
DateOfBirth,07-1993,44,7,1993,1900-01-01,2023-04-11
DateOfBirth,08-1993,48,8,1993,1900-01-01,2023-04-11
DateOfBirth,09-1993,44,9,1993,1900-01-01,2023-04-11
DateOfBirth,10-1993,57,10,1993,1900-01-01,2023-04-11
DateOfBirth,11-1993,46,11,1993,1900-01-01,2023-04-11
DateOfBirth,12-1993,47,12,1993,1900-01-01,2023-04-11
DateOfBirth,01-1994,57,1,1994,1900-01-01,2023-04-11
DateOfBirth,02-1994,37,2,1994,1900-01-01,2023-04-11
DateOfBirth,03-1994,36,3,1994,1900-01-01,2023-04-11
DateOfBirth,04-1994,41,4,1994,1900-01-01,2023-04-11
DateOfBirth,05-1994,37,5,1994,1900-01-01,2023-04-11
DateOfBirth,06-1994,30,6,1994,1900-01-01,2023-04-11
DateOfBirth,07-1994,45,7,1994,1900-01-01,2023-04-11
DateOfBirth,08-1994,43,8,1994,1900-01-01,2023-04-11
DateOfBirth,09-1994,59,9,1994,1900-01-01,2023-04-11
DateOfBirth,10-1994,47,10,1994,1900-01-01,2023-04-11
DateOfBirth,11-1994,47,11,1994,1900-01-01,2023-04-11
DateOfBirth,12-1994,60,12,1994,1900-01-01,2023-04-11
DateOfBirth,01-1995,45,1,1995,1900-01-01,2023-04-11
DateOfBirth,02-1995,38,2,1995,1900-01-01,2023-04-11
DateOfBirth,03-1995,39,3,1995,1900-01-01,2023-04-11
DateOfBirth,04-1995,32,4,1995,1900-01-01,2023-04-11
DateOfBirth,05-1995,47,5,1995,1900-01-01,2023-04-11
DateOfBirth,06-1995,46,6,1995,1900-01-01,2023-04-11
DateOfBirth,07-1995,29,7,1995,1900-01-01,2023-04-11
DateOfBirth,08-1995,47,8,1995,1900-01-01,2023-04-11
DateOfBirth,09-1995,40,9,1995,1900-01-01,2023-04-11
DateOfBirth,10-1995,47,10,1995,1900-01-01,2023-04-11
DateOfBirth,11-1995,44,11,1995,1900-01-01,2023-04-11
DateOfBirth,12-1995,64,12,1995,1900-01-01,2023-04-11
DateOfBirth,01-1996,39,1,1996,1900-01-01,2023-04-11
DateOfBirth,02-1996,40,2,1996,1900-01-01,2023-04-11
DateOfBirth,03-1996,32,3,1996,1900-01-01,2023-04-11
DateOfBirth,04-1996,39,4,1996,1900-01-01,2023-04-11
DateOfBirth,05-1996,40,5,1996,1900-01-01,2023-04-11
DateOfBirth,06-1996,40,6,1996,1900-01-01,2023-04-11
DateOfBirth,07-1996,48,7,1996,1900-01-01,2023-04-11
DateOfBirth,08-1996,47,8,1996,1900-01-01,2023-04-11
DateOfBirth,09-1996,49,9,1996,1900-01-01,2023-04-11
DateOfBirth,10-1996,38,10,1996,1900-01-01,2023-04-11
DateOfBirth,11-1996,60,11,1996,1900-01-01,2023-04-11
DateOfBirth,12-1996,51,12,1996,1900-01-01,2023-04-11
DateOfBirth,01-1997,41,1,1997,1900-01-01,2023-04-11
DateOfBirth,02-1997,45,2,1997,1900-01-01,2023-04-11
DateOfBirth,03-1997,36,3,1997,1900-01-01,2023-04-11
DateOfBirth,04-1997,35,4,1997,1900-01-01,2023-04-11
DateOfBirth,05-1997,34,5,1997,1900-01-01,2023-04-11
DateOfBirth,06-1997,35,6,1997,1900-01-01,2023-04-11
DateOfBirth,07-1997,38,7,1997,1900-01-01,2023-04-11
DateOfBirth,08-1997,50,8,1997,1900-01-01,2023-04-11
DateOfBirth,09-1997,36,9,1997,1900-01-01,2023-04-11
DateOfBirth,10-1997,56,10,1997,1900-01-01,2023-04-11
DateOfBirth,11-1997,47,11,1997,1900-01-01,2023-04-11
DateOfBirth,12-1997,57,12,1997,1900-01-01,2023-04-11
DateOfBirth,01-1998,39,1,1998,1900-01-01,2023-04-11
DateOfBirth,02-1998,35,2,1998,1900-01-01,2023-04-11
DateOfBirth,03-1998,44,3,1998,1900-01-01,2023-04-11
DateOfBirth,04-1998,42,4,1998,1900-01-01,2023-04-11
DateOfBirth,05-1998,32,5,1998,1900-01-01,2023-04-11
DateOfBirth,06-1998,42,6,1998,1900-01-01,2023-04-11
DateOfBirth,07-1998,31,7,1998,1900-01-01,2023-04-11
DateOfBirth,08-1998,30,8,1998,1900-01-01,2023-04-11
DateOfBirth,09-1998,41,9,1998,1900-01-01,2023-04-11
DateOfBirth,10-1998,38,10,1998,1900-01-01,2023-04-11
DateOfBirth,11-1998,41,11,1998,1900-01-01,2023-04-11
DateOfBirth,12-1998,60,12,1998,1900-01-01,2023-04-11
DateOfBirth,01-1999,48,1,1999,1900-01-01,2023-04-11
DateOfBirth,02-1999,11,2,1999,1900-01-01,2023-04-11
DateOfBirth,03-1999,30,3,1999,1900-01-01,2023-04-11
DateOfBirth,04-1999,34,4,1999,1900-01-01,2023-04-11
DateOfBirth,05-1999,50,5,1999,1900-01-01,2023-04-11
DateOfBirth,06-1999,39,6,1999,1900-01-01,2023-04-11
DateOfBirth,07-1999,25,7,1999,1900-01-01,2023-04-11
DateOfBirth,08-1999,33,8,1999,1900-01-01,2023-04-11
DateOfBirth,09-1999,36,9,1999,1900-01-01,2023-04-11
DateOfBirth,10-1999,38,10,1999,1900-01-01,2023-04-11
DateOfBirth,11-1999,25,11,1999,1900-01-01,2023-04-11
DateOfBirth,12-1999,36,12,1999,1900-01-01,2023-04-11
DateOfBirth,01-2000,37,1,2000,1900-01-01,2023-04-11
DateOfBirth,02-2000,29,2,2000,1900-01-01,2023-04-11
DateOfBirth,03-2000,25,3,2000,1900-01-01,2023-04-11
DateOfBirth,04-2000,22,4,2000,1900-01-01,2023-04-11
DateOfBirth,05-2000,29,5,2000,1900-01-01,2023-04-11
DateOfBirth,06-2000,15,6,2000,1900-01-01,2023-04-11
DateOfBirth,07-2000,25,7,2000,1900-01-01,2023-04-11
DateOfBirth,08-2000,32,8,2000,1900-01-01,2023-04-11
DateOfBirth,09-2000,29,9,2000,1900-01-01,2023-04-11
DateOfBirth,10-2000,30,10,2000,1900-01-01,2023-04-11
DateOfBirth,11-2000,25,11,2000,1900-01-01,2023-04-11
DateOfBirth,12-2000,38,12,2000,1900-01-01,2023-04-11
DateOfBirth,01-2001,23,1,2001,1900-01-01,2023-04-11
DateOfBirth,02-2001,14,2,2001,1900-01-01,2023-04-11
DateOfBirth,03-2001,17,3,2001,1900-01-01,2023-04-11
DateOfBirth,04-2001,33,4,2001,1900-01-01,2023-04-11
DateOfBirth,05-2001,16,5,2001,1900-01-01,2023-04-11
DateOfBirth,06-2001,24,6,2001,1900-01-01,2023-04-11
DateOfBirth,07-2001,30,7,2001,1900-01-01,2023-04-11
DateOfBirth,08-2001,24,8,2001,1900-01-01,2023-04-11
DateOfBirth,09-2001,20,9,2001,1900-01-01,2023-04-11
DateOfBirth,10-2001,17,10,2001,1900-01-01,2023-04-11
DateOfBirth,11-2001,25,11,2001,1900-01-01,2023-04-11
DateOfBirth,12-2001,35,12,2001,1900-01-01,2023-04-11
DateOfBirth,01-2002,13,1,2002,1900-01-01,2023-04-11
DateOfBirth,02-2002,28,2,2002,1900-01-01,2023-04-11
DateOfBirth,03-2002,16,3,2002,1900-01-01,2023-04-11
DateOfBirth,04-2002,21,4,2002,1900-01-01,2023-04-11
DateOfBirth,05-2002,16,5,2002,1900-01-01,2023-04-11
DateOfBirth,06-2002,15,6,2002,1900-01-01,2023-04-11
DateOfBirth,07-2002,21,7,2002,1900-01-01,2023-04-11
DateOfBirth,08-2002,20,8,2002,1900-01-01,2023-04-11
DateOfBirth,09-2002,22,9,2002,1900-01-01,2023-04-11
DateOfBirth,10-2002,21,10,2002,1900-01-01,2023-04-11
DateOfBirth,11-2002,26,11,2002,1900-01-01,2023-04-11
DateOfBirth,12-2002,23,12,2002,1900-01-01,2023-04-11
DateOfBirth,01-2003,13,1,2003,1900-01-01,2023-04-11
DateOfBirth,02-2003,15,2,2003,1900-01-01,2023-04-11
DateOfBirth,03-2003,12,3,2003,1900-01-01,2023-04-11
DateOfBirth,04-2003,10,4,2003,1900-01-01,2023-04-11
DateOfBirth,05-2003,16,5,2003,1900-01-01,2023-04-11
DateOfBirth,06-2003,15,6,2003,1900-01-01,2023-04-11
DateOfBirth,07-2003,25,7,2003,1900-01-01,2023-04-11
DateOfBirth,08-2003,21,8,2003,1900-01-01,2023-04-11
DateOfBirth,09-2003,13,9,2003,1900-01-01,2023-04-11
DateOfBirth,10-2003,17,10,2003,1900-01-01,2023-04-11
DateOfBirth,11-2003,10,11,2003,1900-01-01,2023-04-11
DateOfBirth,12-2003,21,12,2003,1900-01-01,2023-04-11
DateOfBirth,01-2004,12,1,2004,1900-01-01,2023-04-11
DateOfBirth,02-2004,7,2,2004,1900-01-01,2023-04-11
DateOfBirth,03-2004,14,3,2004,1900-01-01,2023-04-11
DateOfBirth,04-2004,16,4,2004,1900-01-01,2023-04-11
DateOfBirth,05-2004,15,5,2004,1900-01-01,2023-04-11
DateOfBirth,06-2004,15,6,2004,1900-01-01,2023-04-11
DateOfBirth,07-2004,15,7,2004,1900-01-01,2023-04-11
DateOfBirth,08-2004,15,8,2004,1900-01-01,2023-04-11
DateOfBirth,09-2004,14,9,2004,1900-01-01,2023-04-11
DateOfBirth,10-2004,7,10,2004,1900-01-01,2023-04-11
DateOfBirth,11-2004,17,11,2004,1900-01-01,2023-04-11
DateOfBirth,12-2004,22,12,2004,1900-01-01,2023-04-11
DateOfBirth,01-2005,9,1,2005,1900-01-01,2023-04-11
DateOfBirth,02-2005,11,2,2005,1900-01-01,2023-04-11
DateOfBirth,03-2005,17,3,2005,1900-01-01,2023-04-11
DateOfBirth,04-2005,11,4,2005,1900-01-01,2023-04-11
DateOfBirth,05-2005,13,5,2005,1900-01-01,2023-04-11
DateOfBirth,06-2005,9,6,2005,1900-01-01,2023-04-11
DateOfBirth,07-2005,12,7,2005,1900-01-01,2023-04-11
DateOfBirth,08-2005,18,8,2005,1900-01-01,2023-04-11
DateOfBirth,09-2005,17,9,2005,1900-01-01,2023-04-11
DateOfBirth,10-2005,16,10,2005,1900-01-01,2023-04-11
DateOfBirth,11-2005,11,11,2005,1900-01-01,2023-04-11
DateOfBirth,12-2005,10,12,2005,1900-01-01,2023-04-11
DateOfBirth,01-2006,14,1,2006,1900-01-01,2023-04-11
DateOfBirth,02-2006,10,2,2006,1900-01-01,2023-04-11
DateOfBirth,03-2006,10,3,2006,1900-01-01,2023-04-11
DateOfBirth,04-2006,8,4,2006,1900-01-01,2023-04-11
DateOfBirth,05-2006,13,5,2006,1900-01-01,2023-04-11
DateOfBirth,06-2006,9,6,2006,1900-01-01,2023-04-11
DateOfBirth,07-2006,14,7,2006,1900-01-01,2023-04-11
DateOfBirth,08-2006,15,8,2006,1900-01-01,2023-04-11
DateOfBirth,09-2006,14,9,2006,1900-01-01,2023-04-11
DateOfBirth,10-2006,13,10,2006,1900-01-01,2023-04-11
DateOfBirth,11-2006,10,11,2006,1900-01-01,2023-04-11
DateOfBirth,12-2006,9,12,2006,1900-01-01,2023-04-11
DateOfBirth,01-2007,9,1,2007,1900-01-01,2023-04-11
DateOfBirth,02-2007,8,2,2007,1900-01-01,2023-04-11
DateOfBirth,03-2007,4,3,2007,1900-01-01,2023-04-11
DateOfBirth,04-2007,12,4,2007,1900-01-01,2023-04-11
DateOfBirth,05-2007,8,5,2007,1900-01-01,2023-04-11
DateOfBirth,06-2007,10,6,2007,1900-01-01,2023-04-11
DateOfBirth,07-2007,19,7,2007,1900-01-01,2023-04-11
DateOfBirth,08-2007,14,8,2007,1900-01-01,2023-04-11
DateOfBirth,09-2007,16,9,2007,1900-01-01,2023-04-11
DateOfBirth,10-2007,15,10,2007,1900-01-01,2023-04-11
DateOfBirth,11-2007,14,11,2007,1900-01-01,2023-04-11
DateOfBirth,12-2007,20,12,2007,1900-01-01,2023-04-11
DateOfBirth,01-2008,7,1,2008,1900-01-01,2023-04-11
DateOfBirth,02-2008,14,2,2008,1900-01-01,2023-04-11
DateOfBirth,03-2008,12,3,2008,1900-01-01,2023-04-11
DateOfBirth,04-2008,15,4,2008,1900-01-01,2023-04-11
DateOfBirth,05-2008,8,5,2008,1900-01-01,2023-04-11
DateOfBirth,06-2008,15,6,2008,1900-01-01,2023-04-11
DateOfBirth,07-2008,26,7,2008,1900-01-01,2023-04-11
DateOfBirth,08-2008,11,8,2008,1900-01-01,2023-04-11
DateOfBirth,09-2008,7,9,2008,1900-01-01,2023-04-11
DateOfBirth,10-2008,11,10,2008,1900-01-01,2023-04-11
DateOfBirth,11-2008,14,11,2008,1900-01-01,2023-04-11
DateOfBirth,12-2008,18,12,2008,1900-01-01,2023-04-11
DateOfBirth,01-2009,9,1,2009,1900-01-01,2023-04-11
DateOfBirth,02-2009,9,2,2009,1900-01-01,2023-04-11
DateOfBirth,03-2009,4,3,2009,1900-01-01,2023-04-11
DateOfBirth,04-2009,8,4,2009,1900-01-01,2023-04-11
DateOfBirth,05-2009,16,5,2009,1900-01-01,2023-04-11
DateOfBirth,06-2009,17,6,2009,1900-01-01,2023-04-11
DateOfBirth,07-2009,9,7,2009,1900-01-01,2023-04-11
DateOfBirth,08-2009,14,8,2009,1900-01-01,2023-04-11
DateOfBirth,09-2009,10,9,2009,1900-01-01,2023-04-11
DateOfBirth,10-2009,11,10,2009,1900-01-01,2023-04-11
DateOfBirth,11-2009,13,11,2009,1900-01-01,2023-04-11
DateOfBirth,12-2009,13,12,2009,1900-01-01,2023-04-11
DateOfBirth,01-2010,12,1,2010,1900-01-01,2023-04-11
DateOfBirth,02-2010,11,2,2010,1900-01-01,2023-04-11
DateOfBirth,03-2010,13,3,2010,1900-01-01,2023-04-11
DateOfBirth,04-2010,3,4,2010,1900-01-01,2023-04-11
DateOfBirth,05-2010,11,5,2010,1900-01-01,2023-04-11
DateOfBirth,06-2010,12,6,2010,1900-01-01,2023-04-11
DateOfBirth,07-2010,11,7,2010,1900-01-01,2023-04-11
DateOfBirth,08-2010,13,8,2010,1900-01-01,2023-04-11
DateOfBirth,09-2010,11,9,2010,1900-01-01,2023-04-11
DateOfBirth,10-2010,10,10,2010,1900-01-01,2023-04-11
DateOfBirth,11-2010,8,11,2010,1900-01-01,2023-04-11
DateOfBirth,12-2010,22,12,2010,1900-01-01,2023-04-11
DateOfBirth,01-2011,10,1,2011,1900-01-01,2023-04-11
DateOfBirth,02-2011,7,2,2011,1900-01-01,2023-04-11
DateOfBirth,03-2011,10,3,2011,1900-01-01,2023-04-11
DateOfBirth,04-2011,11,4,2011,1900-01-01,2023-04-11
DateOfBirth,05-2011,16,5,2011,1900-01-01,2023-04-11
DateOfBirth,06-2011,10,6,2011,1900-01-01,2023-04-11
DateOfBirth,07-2011,14,7,2011,1900-01-01,2023-04-11
DateOfBirth,08-2011,11,8,2011,1900-01-01,2023-04-11
DateOfBirth,09-2011,14,9,2011,1900-01-01,2023-04-11
DateOfBirth,10-2011,14,10,2011,1900-01-01,2023-04-11
DateOfBirth,11-2011,9,11,2011,1900-01-01,2023-04-11
DateOfBirth,12-2011,10,12,2011,1900-01-01,2023-04-11
DateOfBirth,01-2012,14,1,2012,1900-01-01,2023-04-11
DateOfBirth,02-2012,8,2,2012,1900-01-01,2023-04-11
DateOfBirth,03-2012,12,3,2012,1900-01-01,2023-04-11
DateOfBirth,04-2012,8,4,2012,1900-01-01,2023-04-11
DateOfBirth,05-2012,10,5,2012,1900-01-01,2023-04-11
DateOfBirth,06-2012,13,6,2012,1900-01-01,2023-04-11
DateOfBirth,07-2012,6,7,2012,1900-01-01,2023-04-11
DateOfBirth,08-2012,11,8,2012,1900-01-01,2023-04-11
DateOfBirth,09-2012,9,9,2012,1900-01-01,2023-04-11
DateOfBirth,10-2012,11,10,2012,1900-01-01,2023-04-11
DateOfBirth,11-2012,13,11,2012,1900-01-01,2023-04-11
DateOfBirth,12-2012,17,12,2012,1900-01-01,2023-04-11
DateOfBirth,01-2013,10,1,2013,1900-01-01,2023-04-11
DateOfBirth,02-2013,9,2,2013,1900-01-01,2023-04-11
DateOfBirth,03-2013,11,3,2013,1900-01-01,2023-04-11
DateOfBirth,04-2013,5,4,2013,1900-01-01,2023-04-11
DateOfBirth,05-2013,12,5,2013,1900-01-01,2023-04-11
DateOfBirth,06-2013,9,6,2013,1900-01-01,2023-04-11
DateOfBirth,07-2013,8,7,2013,1900-01-01,2023-04-11
DateOfBirth,08-2013,10,8,2013,1900-01-01,2023-04-11
DateOfBirth,09-2013,8,9,2013,1900-01-01,2023-04-11
DateOfBirth,10-2013,6,10,2013,1900-01-01,2023-04-11
DateOfBirth,11-2013,13,11,2013,1900-01-01,2023-04-11
DateOfBirth,12-2013,12,12,2013,1900-01-01,2023-04-11
DateOfBirth,01-2014,10,1,2014,1900-01-01,2023-04-11
DateOfBirth,02-2014,6,2,2014,1900-01-01,2023-04-11
DateOfBirth,03-2014,14,3,2014,1900-01-01,2023-04-11
DateOfBirth,04-2014,7,4,2014,1900-01-01,2023-04-11
DateOfBirth,05-2014,9,5,2014,1900-01-01,2023-04-11
DateOfBirth,06-2014,8,6,2014,1900-01-01,2023-04-11
DateOfBirth,07-2014,14,7,2014,1900-01-01,2023-04-11
DateOfBirth,08-2014,5,8,2014,1900-01-01,2023-04-11
DateOfBirth,09-2014,9,9,2014,1900-01-01,2023-04-11
DateOfBirth,10-2014,7,10,2014,1900-01-01,2023-04-11
DateOfBirth,11-2014,2,11,2014,1900-01-01,2023-04-11
DateOfBirth,12-2014,15,12,2014,1900-01-01,2023-04-11
DateOfBirth,01-2015,11,1,2015,1900-01-01,2023-04-11
DateOfBirth,02-2015,6,2,2015,1900-01-01,2023-04-11
DateOfBirth,03-2015,13,3,2015,1900-01-01,2023-04-11
DateOfBirth,04-2015,5,4,2015,1900-01-01,2023-04-11
DateOfBirth,05-2015,4,5,2015,1900-01-01,2023-04-11
DateOfBirth,06-2015,9,6,2015,1900-01-01,2023-04-11
DateOfBirth,07-2015,11,7,2015,1900-01-01,2023-04-11
DateOfBirth,08-2015,6,8,2015,1900-01-01,2023-04-11
DateOfBirth,09-2015,10,9,2015,1900-01-01,2023-04-11
DateOfBirth,10-2015,9,10,2015,1900-01-01,2023-04-11
DateOfBirth,11-2015,11,11,2015,1900-01-01,2023-04-11
DateOfBirth,12-2015,8,12,2015,1900-01-01,2023-04-11
DateOfBirth,01-2016,4,1,2016,1900-01-01,2023-04-11
DateOfBirth,02-2016,11,2,2016,1900-01-01,2023-04-11
DateOfBirth,03-2016,8,3,2016,1900-01-01,2023-04-11
DateOfBirth,04-2016,7,4,2016,1900-01-01,2023-04-11
DateOfBirth,05-2016,15,5,2016,1900-01-01,2023-04-11
DateOfBirth,06-2016,9,6,2016,1900-01-01,2023-04-11
DateOfBirth,07-2016,16,7,2016,1900-01-01,2023-04-11
DateOfBirth,08-2016,8,8,2016,1900-01-01,2023-04-11
DateOfBirth,09-2016,18,9,2016,1900-01-01,2023-04-11
DateOfBirth,10-2016,8,10,2016,1900-01-01,2023-04-11
DateOfBirth,11-2016,16,11,2016,1900-01-01,2023-04-11
DateOfBirth,12-2016,17,12,2016,1900-01-01,2023-04-11
DateOfBirth,01-2017,7,1,2017,1900-01-01,2023-04-11
DateOfBirth,02-2017,9,2,2017,1900-01-01,2023-04-11
DateOfBirth,03-2017,12,3,2017,1900-01-01,2023-04-11
DateOfBirth,04-2017,6,4,2017,1900-01-01,2023-04-11
DateOfBirth,05-2017,14,5,2017,1900-01-01,2023-04-11
DateOfBirth,06-2017,6,6,2017,1900-01-01,2023-04-11
DateOfBirth,07-2017,11,7,2017,1900-01-01,2023-04-11
DateOfBirth,08-2017,14,8,2017,1900-01-01,2023-04-11
DateOfBirth,09-2017,6,9,2017,1900-01-01,2023-04-11
DateOfBirth,10-2017,14,10,2017,1900-01-01,2023-04-11
DateOfBirth,11-2017,9,11,2017,1900-01-01,2023-04-11
DateOfBirth,12-2017,12,12,2017,1900-01-01,2023-04-11
DateOfBirth,01-2018,10,1,2018,1900-01-01,2023-04-11
DateOfBirth,02-2018,9,2,2018,1900-01-01,2023-04-11
DateOfBirth,03-2018,9,3,2018,1900-01-01,2023-04-11
DateOfBirth,04-2018,9,4,2018,1900-01-01,2023-04-11
DateOfBirth,05-2018,12,5,2018,1900-01-01,2023-04-11
DateOfBirth,06-2018,10,6,2018,1900-01-01,2023-04-11
DateOfBirth,07-2018,12,7,2018,1900-01-01,2023-04-11
DateOfBirth,08-2018,11,8,2018,1900-01-01,2023-04-11
DateOfBirth,09-2018,15,9,2018,1900-01-01,2023-04-11
DateOfBirth,10-2018,14,10,2018,1900-01-01,2023-04-11
DateOfBirth,11-2018,12,11,2018,1900-01-01,2023-04-11
DateOfBirth,12-2018,15,12,2018,1900-01-01,2023-04-11
DateOfBirth,01-2019,10,1,2019,1900-01-01,2023-04-11
DateOfBirth,02-2019,14,2,2019,1900-01-01,2023-04-11
DateOfBirth,03-2019,14,3,2019,1900-01-01,2023-04-11
DateOfBirth,04-2019,7,4,2019,1900-01-01,2023-04-11
DateOfBirth,05-2019,13,5,2019,1900-01-01,2023-04-11
DateOfBirth,06-2019,12,6,2019,1900-01-01,2023-04-11
DateOfBirth,07-2019,3,7,2019,1900-01-01,2023-04-11
DateOfBirth,08-2019,12,8,2019,1900-01-01,2023-04-11
DateOfBirth,09-2019,10,9,2019,1900-01-01,2023-04-11
DateOfBirth,10-2019,13,10,2019,1900-01-01,2023-04-11
DateOfBirth,11-2019,12,11,2019,1900-01-01,2023-04-11
DateOfBirth,12-2019,14,12,2019,1900-01-01,2023-04-11
DateOfBirth,01-2020,13,1,2020,1900-01-01,2023-04-11
DateOfBirth,02-2020,6,2,2020,1900-01-01,2023-04-11
DateOfBirth,03-2020,10,3,2020,1900-01-01,2023-04-11
DateOfBirth,04-2020,6,4,2020,1900-01-01,2023-04-11
DateOfBirth,05-2020,6,5,2020,1900-01-01,2023-04-11
DateOfBirth,06-2020,9,6,2020,1900-01-01,2023-04-11
DateOfBirth,07-2020,9,7,2020,1900-01-01,2023-04-11
DateOfBirth,08-2020,12,8,2020,1900-01-01,2023-04-11
DateOfBirth,09-2020,18,9,2020,1900-01-01,2023-04-11
DateOfBirth,10-2020,6,10,2020,1900-01-01,2023-04-11
DateOfBirth,11-2020,7,11,2020,1900-01-01,2023-04-11
DateOfBirth,12-2020,15,12,2020,1900-01-01,2023-04-11
DateOfBirth,01-2021,11,1,2021,1900-01-01,2023-04-11
DateOfBirth,02-2021,5,2,2021,1900-01-01,2023-04-11
DateOfBirth,03-2021,7,3,2021,1900-01-01,2023-04-11
DateOfBirth,04-2021,8,4,2021,1900-01-01,2023-04-11
DateOfBirth,05-2021,9,5,2021,1900-01-01,2023-04-11
DateOfBirth,06-2021,7,6,2021,1900-01-01,2023-04-11
DateOfBirth,07-2021,5,7,2021,1900-01-01,2023-04-11
DateOfBirth,08-2021,3,8,2021,1900-01-01,2023-04-11
DateOfBirth,09-2021,6,9,2021,1900-01-01,2023-04-11
DateOfBirth,10-2021,9,10,2021,1900-01-01,2023-04-11
DateOfBirth,11-2021,2,11,2021,1900-01-01,2023-04-11
DateOfBirth,12-2021,4,12,2021,1900-01-01,2023-04-11
DateOfBirth,01-2022,1,1,2022,1900-01-01,2023-04-11
DateOfBirth,02-2022,0,2,2022,1900-01-01,2023-04-11
DateOfBirth,03-2022,3,3,2022,1900-01-01,2023-04-11
DateOfBirth,04-2022,1,4,2022,1900-01-01,2023-04-11
DateOfBirth,05-2022,1,5,2022,1900-01-01,2023-04-11
DateOfBirth,06-2022,1,6,2022,1900-01-01,2023-04-11
DateOfBirth,07-2022,0,7,2022,1900-01-01,2023-04-11
DateOfBirth,08-2022,1,8,2022,1900-01-01,2023-04-11
DateOfBirth,09-2022,0,9,2022,1900-01-01,2023-04-11
DateOfBirth,10-2022,1,10,2022,1900-01-01,2023-04-11
DateOfBirth,11-2022,0,11,2022,1900-01-01,2023-04-11
DateOfBirth,12-2022,0,12,2022,1900-01-01,2023-04-11
DateOfBirth,01-2023,1,1,2023,1900-01-01,2023-04-11
DateOfBirth,02-2023,0,2,2023,1900-01-01,2023-04-11
DateOfBirth,03-2023,1,3,2023,1900-01-01,2023-04-11
DateOfBirth,04-2023,1,4,2023,1900-01-01,2023-04-11
